Image,Category,Arousal Overall,Valence Overall,Arousal Female,Valence Female,Arousal Male,Valence Male,,,,,
OASIS_acorns_1.jpg,plants,2.35,4.69,2.44,2.24,4.71,4.67,,,,,
OASIS_acorns_2.jpg,plants,2.23,4.52,1.94,2.51,4.60,4.41,,,,,
OASIS_acorns_3.jpg,drugs and alcohol,2.31,4.75,2.27,2.35,4.82,4.69,,,,,
OASIS_alcohol_1.jpg,drugs and alcohol,2.87,4.69,3.05,2.65,4.67,4.70,,,,,
OASIS_alcohol_2.jpg,drugs and alcohol,3.00,4.25,3.16,2.82,4.22,4.28,,,,,
OASIS_alcohol_3.jpg,drugs and alcohol,2.35,4.17,2.24,2.47,4.20,4.14,,,,,
OASIS_alcohol_4.jpg,drugs and alcohol,2.87,4.77,2.95,2.78,4.80,4.74,,,,,
OASIS_alcohol_5.jpg,drugs and alcohol,3.55,5.33,3.67,3.40,5.29,5.39,,,,,
OASIS_alcohol_6.jpg,drugs and alcohol,2.64,4.54,2.67,2.61,4.59,4.49,,,,,
OASIS_alcohol_7.jpg,drugs and alcohol,3.13,4.48,3.08,3.20,4.53,4.43,,,,,
OASIS_alcohol_8.jpg,drugs and alcohol,3.80,5.48,3.98,3.59,5.77,5.26,,,,,
OASIS_ambulance_1.jpg,injuries,4.16,2.33,4.53,3.76,2.02,2.61,,,,,
OASIS_ambulance_2.jpg,vehicles,3.41,3.18,3.33,3.53,2.77,3.48,,,,,
OASIS_ambulance_3.jpg,vehicles,3.61,3.29,3.66,3.55,2.81,3.64,,,,,
OASIS_angry_face_1.jpg,men,3.26,3.38,3.27,3.30,3.31,3.48,,,,,
OASIS_angry_face_2.jpg,women,3.53,3.08,3.25,3.84,3.05,3.16,,,,,
OASIS_angry_face_3.jpg,men,3.66,2.50,3.48,3.86,2.48,2.56,,,,,
OASIS_angry_face_4.jpg,men,3.87,2.49,3.94,3.80,2.50,2.51,,,,,
OASIS_angry_face_5.jpg,men,3.55,2.85,3.87,3.28,2.69,3.07,,,,,
OASIS_angry_pose_1.jpg,men,3.62,2.81,3.87,3.33,2.61,3.00,,,,,
OASIS_angry_pose_2.jpg,men,3.72,2.81,4.13,3.27,2.65,2.95,,,,,
OASIS_animal_carcass_1.jpg,death,3.77,2.72,4.04,3.47,2.45,2.96,,,,,
OASIS_animal_carcass_2.jpg,death,4.03,3.25,4.23,3.89,3.09,3.48,,,,,
OASIS_animal_carcass_3.jpg,animals,4.42,2.75,4.89,3.90,2.39,3.07,,,,,
OASIS_animal_carcass_4.jpg,animals,4.20,3.79,4.23,4.16,3.73,3.91,,,,,
OASIS_animal_carcass_5.jpg,death,4.48,1.62,5.00,4.00,1.47,1.82,,,,,
OASIS_animal_carcass_6.jpg,animals,4.72,2.40,5.25,4.12,2.02,2.74,,,,,
OASIS_archery_1.jpg,weapons,3.75,4.29,3.62,3.90,4.13,4.53,,,,,
OASIS_archery_2.jpg,weapons,3.46,4.81,3.44,3.43,4.97,4.61,,,,,
OASIS_astronaut_1.jpg,adventure,4.57,5.71,4.55,4.59,5.55,5.86,,,,,
OASIS_astronaut_2.jpg,people,3.67,5.14,3.48,3.88,4.93,5.42,,,,,
OASIS_baby_1.jpg,families,4.09,6.18,4.40,3.73,6.39,5.98,,,,,
OASIS_baby_2.jpg,families,3.66,6.03,3.93,3.37,6.29,5.79,,,,,
OASIS_baby_3.jpg,families,4.12,5.84,4.55,3.67,6.26,5.53,,,,,
OASIS_baby_4.jpg,families,4.27,5.92,4.53,3.98,6.23,5.69,,,,,
OASIS_baby_5.jpg,families,3.72,6.14,3.91,3.51,6.45,5.86,,,,,
OASIS_baby_6.jpg,families,3.65,6.05,3.85,3.43,6.31,5.81,,,,,
OASIS_baby_7.jpg,families,4.25,2.97,4.46,4.02,3.05,2.91,,,,,
OASIS_baby_8.jpg,families,3.92,6.10,4.18,3.63,6.37,5.86,,,,,
OASIS_baby_9.jpg,families,3.64,5.85,3.90,3.37,6.02,5.62,,,,,
OASIS_baby_10.jpg,families,3.89,5.42,4.17,3.59,5.52,5.27,,,,,
OASIS_band_1.jpg,people,3.01,4.87,3.02,3.00,5.00,4.78,,,,,
OASIS_band_2.jpg,men,3.84,5.16,3.79,3.98,5.22,5.07,,,,,
OASIS_bar_1.jpg,drugs and alcohol,3.46,4.90,3.17,3.74,4.78,5.07,,,,,
OASIS_bar_2.jpg,drugs and alcohol,3.79,4.75,3.47,4.12,4.74,4.76,,,,,
OASIS_bar_3.jpg,drugs and alcohol,3.26,4.49,3.12,3.41,4.48,4.51,,,,,
OASIS_barbeque_1.jpg,food,3.08,4.72,3.10,3.11,4.52,4.98,,,,,
OASIS_barbeque_2.jpg,families,3.13,5.15,3.26,3.00,5.28,5.05,,,,,
OASIS_bark_1.jpg,plants,2.07,4.04,2.09,2.04,3.94,4.12,,,,,
OASIS_bark_2.jpg,plants,2.12,4.26,2.05,2.18,4.29,4.23,,,,,
OASIS_bark_3.jpg,plants,2.09,4.63,2.10,2.08,4.66,4.60,,,,,
OASIS_bark_4.jpg,plants,2.24,4.24,2.15,2.37,4.21,4.26,,,,,
OASIS_bark_5.jpg,plants,2.06,4.20,1.89,2.27,4.23,4.17,,,,,
OASIS_bark_6.jpg,plants,2.20,4.26,1.91,2.53,4.35,4.19,,,,,
OASIS_barrels_1.jpg,objects,2.47,4.21,2.11,2.86,4.12,4.28,,,,,
OASIS_bdsm_1.jpg,people,4.55,4.33,4.10,5.04,4.05,4.71,,,,,
OASIS_bdsm_2.jpg,people,4.30,3.93,3.62,5.02,3.63,4.16,,,,,
OASIS_bdsm_3.jpg,people,4.22,3.95,4.44,3.98,3.61,4.26,,,,,
OASIS_beach_1.jpg,landscapes,4.74,6.37,4.85,4.61,6.56,6.22,,,,,
OASIS_beach_2.jpg,landscapes,4.14,6.32,4.25,4.02,6.50,6.09,,,,,
OASIS_beach_3.jpg,landscapes,3.81,5.51,4.06,3.51,5.72,5.36,,,,,
OASIS_beach_4.jpg,women,3.63,5.93,3.33,3.96,5.76,6.07,,,,,
OASIS_beach_5.jpg,drugs and alcohol,3.36,5.59,3.49,3.20,5.94,5.28,,,,,
OASIS_beach_6.jpg,people,3.89,6.06,3.93,3.86,6.18,5.95,,,,,
OASIS_beach_7.jpg,landscapes,4.31,6.07,3.92,4.71,6.21,5.89,,,,,
OASIS_beach_8.jpg,landscapes,3.89,5.85,4.02,3.79,6.03,5.61,,,,,
OASIS_bear_1.jpg,animals,3.34,5.15,3.53,3.12,5.25,5.05,,,,,
OASIS_bear_2.jpg,animals,3.78,4.42,3.93,3.61,4.43,4.40,,,,,
OASIS_bear_3.jpg,animals,4.32,5.47,4.25,4.39,5.56,5.40,,,,,
OASIS_bed_1.jpg,objects,2.99,4.02,3.08,2.94,4.00,4.03,,,,,
OASIS_bee_1.jpg,animals,3.62,3.65,3.67,3.55,3.61,3.68,,,,,
OASIS_biking_1.jpg,athletes,3.57,5.09,3.38,3.81,5.24,4.89,,,,,
OASIS_billiards_1.jpg,objects,2.57,4.52,2.40,2.76,4.39,4.69,,,,,
OASIS_bird_1.jpg,landscapes,3.01,5.91,2.96,3.06,5.86,5.95,,,,,
OASIS_bird_2.jpg,animals,3.70,5.48,3.70,3.67,5.70,5.31,,,,,
OASIS_bird_3.jpg,animals,3.43,6.04,3.53,3.33,6.27,5.82,,,,,
OASIS_bird_4.jpg,animals,3.57,5.55,3.81,3.33,5.79,5.24,,,,,
OASIS_bird_5.jpg,animals,4.45,4.47,4.67,4.17,4.52,4.41,,,,,
OASIS_birthday_1.jpg,food,3.46,5.78,3.75,3.14,6.00,5.51,,,,,
OASIS_birthday_2.jpg,families,3.38,5.33,3.43,3.31,5.65,5.09,,,,,
OASIS_birthday_3.jpg,food,3.43,5.57,3.48,3.37,5.77,5.33,,,,,
OASIS_bloody_knife_1.jpg,weapons,4.54,1.84,4.62,4.47,1.70,2.04,,,,,
OASIS_bloody_knife_2.jpg,weapons,3.90,2.26,3.83,4.02,2.07,2.40,,,,,
OASIS_boat_1.jpg,objects,2.80,4.57,3.02,2.55,4.59,4.56,,,,,
OASIS_bored_face_1.jpg,men,2.38,3.65,2.55,2.18,3.65,3.65,,,,,
OASIS_bored_pose_1.jpg,men,2.92,3.56,2.98,2.89,3.47,3.68,,,,,
OASIS_bored_pose_2.jpg,men,2.74,3.19,2.94,2.53,3.20,3.22,,,,,
OASIS_bored_pose_3.jpg,women,2.71,3.09,2.58,2.86,3.07,3.13,,,,,
OASIS_bored_pose_4.jpg,men,3.02,3.13,3.10,2.98,3.10,3.16,,,,,
OASIS_bored_pose_5.jpg,women,3.04,3.80,2.60,3.49,3.58,3.97,,,,,
OASIS_bored_pose_6.jpg,families,3.39,4.56,3.58,3.21,4.84,4.18,,,,,
OASIS_bottle_1.jpg,objects,2.16,4.18,1.92,2.38,4.21,4.14,,,,,
OASIS_boxing_1.jpg,athletes,3.89,3.74,3.73,4.06,3.63,3.87,,,,,
OASIS_boxing_2.jpg,athletes,4.20,3.70,4.10,4.31,3.63,3.78,,,,,
OASIS_bricks_1.jpg,objects,1.81,4.16,1.85,1.78,4.20,4.11,,,,,
OASIS_bridge_1.jpg,landscapes,3.55,5.89,3.53,3.55,6.26,5.62,,,,,
OASIS_bubble_1.jpg,objects,3.08,4.79,3.02,3.16,4.93,4.69,,,,,
OASIS_bubble_2.jpg,objects,3.04,5.00,3.21,2.90,5.19,4.86,,,,,
OASIS_building_1.jpg,objects,3.20,5.04,3.24,3.16,5.18,4.91,,,,,
OASIS_building_2.jpg,landscapes,3.17,4.80,3.13,3.22,4.78,4.81,,,,,
OASIS_bungee_jumping_1.jpg,adventure,4.56,4.20,5.11,3.94,4.14,4.26,,,,,
OASIS_bungee_jumping_2.jpg,adventure,4.65,4.76,4.60,4.71,4.84,4.71,,,,,
OASIS_bungee_jumping_3.jpg,adventure,4.36,5.11,4.78,3.88,5.12,5.11,,,,,
OASIS_camping_1.jpg,families,3.25,5.60,3.30,3.20,5.79,5.47,,,,,
OASIS_camping_2.jpg,families,3.18,4.96,3.32,3.08,4.93,4.98,,,,,
OASIS_camping_3.jpg,families,2.98,5.02,2.96,3.00,4.94,5.09,,,,,
OASIS_camping_4.jpg,families,3.23,5.66,3.44,3.00,5.63,5.67,,,,,
OASIS_camping_6.jpg,men,3.14,3.88,3.08,3.24,3.91,3.86,,,,,
OASIS_camping_7.jpg,adventure,2.98,5.22,3.02,2.98,5.31,5.09,,,,,
OASIS_camping_8.jpg,families,3.73,3.56,3.98,3.47,3.63,3.53,,,,,
OASIS_camping_9.jpg,people,3.50,3.99,3.50,3.49,3.89,4.13,,,,,
OASIS_camping_10.jpg,adventure,3.77,4.94,3.81,3.77,5.19,4.61,,,,,
OASIS_candle_1.jpg,objects,3.31,5.05,3.23,3.43,4.93,5.20,,,,,
OASIS_car_1.jpg,vehicles,4.33,5.23,3.87,4.79,5.07,5.43,,,,,
OASIS_car_2.jpg,vehicles,2.87,3.92,2.64,3.16,4.00,3.86,,,,,
OASIS_car_accident_1.jpg,vehicles,4.10,2.15,4.04,4.16,2.13,2.20,,,,,
OASIS_car_accident_2.jpg,vehicles,4.09,1.97,4.58,3.53,1.73,2.19,,,,,
OASIS_car_accident_3.jpg,vehicles,4.50,2.68,4.62,4.40,2.50,2.91,,,,,
OASIS_car_accident_4.jpg,vehicles,3.96,2.03,4.42,3.45,1.80,2.23,,,,,
OASIS_car_crash_1.jpg,vehicles,4.55,1.85,4.85,4.36,1.78,1.95,,,,,
OASIS_car_crash_2.jpg,vehicles,4.21,1.99,4.04,4.39,1.72,2.19,,,,,
OASIS_car_crash_3.jpg,vehicles,4.66,2.03,5.00,4.36,2.03,2.02,,,,,
OASIS_car_race_1.jpg,vehicles,3.21,4.39,3.62,2.76,4.39,4.39,,,,,
OASIS_car_race_2.jpg,vehicles,3.59,4.37,3.43,3.76,4.35,4.38,,,,,
OASIS_car_race_3.jpg,vehicles,3.69,4.40,3.47,3.92,4.28,4.48,,,,,
OASIS_car_race_4.jpg,vehicles,3.48,4.15,3.13,3.87,4.17,4.11,,,,,
OASIS_cardboard_1.jpg,objects,1.98,4.02,1.96,2.00,4.00,4.04,,,,,
OASIS_cardboard_2.jpg,objects,2.07,4.01,2.11,2.02,3.96,4.05,,,,,
OASIS_cardboard_3.jpg,objects,1.86,3.75,1.85,1.87,3.81,3.66,,,,,
OASIS_cat_1.jpg,animals,3.84,5.42,3.83,3.86,5.57,5.22,,,,,
OASIS_cat_2.jpg,animals,3.98,5.50,4.17,3.80,5.65,5.38,,,,,
OASIS_cat_3.jpg,animals,4.22,6.00,4.49,3.92,6.35,5.68,,,,,
OASIS_cat_4.jpg,animals,3.53,5.84,3.54,3.53,6.11,5.49,,,,,
OASIS_cat_5.jpg,animals,4.86,6.22,5.04,4.64,6.41,5.95,,,,,
OASIS_cat_6.jpg,animals,4.03,4.72,4.40,3.60,4.74,4.68,,,,,
OASIS_cat_7.jpg,animals,4.41,3.32,4.58,4.22,3.29,3.40,,,,,
OASIS_cat_8.jpg,animals,3.63,4.76,3.73,3.53,4.98,4.49,,,,,
OASIS_cat_9.jpg,animals,3.61,5.33,3.75,3.45,5.59,5.11,,,,,
OASIS_cat_10.jpg,animals,3.43,5.45,3.48,3.37,5.64,5.20,,,,,
OASIS_cat_11.jpg,animals,3.60,5.37,3.62,3.57,5.53,5.24,,,,,
OASIS_cat_12.jpg,animals,3.38,5.19,3.56,3.18,5.47,4.93,,,,,
OASIS_cat_13.jpg,animals,3.72,5.46,4.00,3.39,5.74,5.24,,,,,
OASIS_cat_14.jpg,animals,4.01,5.71,3.94,4.06,5.91,5.43,,,,,
OASIS_celebration_1.jpg,athletes,3.80,5.32,3.75,3.89,5.21,5.48,,,,,
OASIS_celebration_2.jpg,people,4.16,4.89,4.37,3.98,4.97,4.80,,,,,
OASIS_cemetery_1.jpg,death,3.49,4.11,3.71,3.24,4.23,3.98,,,,,
OASIS_cemetery_2.jpg,death,4.21,3.99,4.43,4.00,3.98,4.00,,,,,
OASIS_cemetery_3.jpg,death,3.63,2.94,4.00,3.22,2.86,3.02,,,,,
OASIS_cemetery_4.jpg,death,4.34,2.79,4.60,4.09,2.67,2.95,,,,,
OASIS_cemetery_5.jpg,death,4.70,2.51,5.04,4.35,2.54,2.51,,,,,
OASIS_cheerleader_1.jpg,women,4.28,5.29,3.50,5.10,4.88,5.84,,,,,
OASIS_cheerleader_2.jpg,women,4.13,5.20,3.51,4.80,5.23,5.17,,,,,
OASIS_child_labor_1.jpg,people,3.28,4.26,3.38,3.16,4.12,4.39,,,,,
OASIS_child_labor_2.jpg,people,3.65,2.82,3.68,3.63,2.56,3.02,,,,,
OASIS_child_labor_3.jpg,people,3.50,4.09,3.60,3.41,4.07,4.09,,,,,
OASIS_child_labor_4.jpg,women,3.04,4.02,3.31,2.73,4.04,4.00,,,,,
OASIS_children_1.jpg,families,3.52,5.72,3.75,3.27,6.02,5.50,,,,,
OASIS_chipmunk_1.jpg,animals,3.28,5.41,3.50,3.04,5.61,5.18,,,,,
OASIS_chipmunk_2.jpg,animals,4.23,5.74,4.29,4.09,5.83,5.61,,,,,
OASIS_chipmunk_3.jpg,animals,3.72,5.53,3.73,3.68,5.64,5.39,,,,,
OASIS_city_1.jpg,landscapes,3.14,4.44,2.81,3.53,4.30,4.53,,,,,
OASIS_clean_1.jpg,objects,2.37,5.05,2.49,2.22,5.33,4.79,,,,,
OASIS_cliff_diver_1.jpg,adventure,4.85,4.83,4.71,5.00,4.66,5.04,,,,,
OASIS_cliff_diver_2.jpg,adventure,4.09,5.11,4.17,4.02,5.21,5.03,,,,,
OASIS_cliff_diver_3.jpg,adventure,4.75,5.12,5.16,4.29,4.82,5.39,,,,,
OASIS_cockroach_1.jpg,animals,4.35,2.06,5.00,3.74,2.05,2.07,,,,,
OASIS_cockroach_2.jpg,animals,4.11,2.26,4.81,3.45,2.21,2.34,,,,,
OASIS_cockroach_3.jpg,animals,3.94,2.45,4.56,3.36,2.45,2.45,,,,,
OASIS_cockroach_4.jpg,animals,3.94,2.28,4.56,3.36,2.22,2.36,,,,,
OASIS_coffee_1.jpg,food,3.80,5.55,3.81,3.74,5.76,5.27,,,,,
OASIS_cold_1.jpg,landscapes,3.48,3.99,3.42,3.51,3.74,4.17,,,,,
OASIS_cold_2.jpg,objects,2.59,4.73,2.42,2.80,4.72,4.74,,,,,
OASIS_cold_3.jpg,plants,2.80,4.88,2.75,2.89,4.86,4.91,,,,,
OASIS_cold_4.jpg,objects,2.96,5.07,2.90,3.02,5.16,4.95,,,,,
OASIS_cold_5.jpg,other,3.20,5.49,3.11,3.31,5.55,5.44,,,,,
OASIS_cold_6.jpg,adventure,4.29,4.96,4.13,4.45,4.91,5.02,,,,,
OASIS_cold_7.jpg,landscapes,3.39,5.29,3.48,3.23,5.43,5.11,,,,,
OASIS_cold_8.jpg,objects,3.49,5.52,3.57,3.39,5.91,5.24,,,,,
OASIS_collaboration_1.jpg,people,3.35,5.43,3.19,3.53,5.57,5.25,,,,,
OASIS_cotton_swabs_1.jpg,objects,2.19,4.10,1.92,2.36,4.07,4.14,,,,,
OASIS_cotton_swabs_2.jpg,objects,1.86,4.06,2.10,1.61,4.07,4.04,,,,,
OASIS_cotton_swabs_3.jpg,objects,1.81,4.13,1.85,1.78,4.18,4.07,,,,,
OASIS_couple_1.jpg,families,3.96,5.54,3.98,3.94,5.66,5.40,,,,,
OASIS_couple_2.jpg,families,3.77,5.63,3.88,3.62,5.81,5.39,,,,,
OASIS_couple_3.jpg,families,3.44,4.01,3.25,3.65,3.80,4.19,,,,,
OASIS_couple_4.jpg,families,4.53,5.97,4.60,4.47,6.00,5.93,,,,,
OASIS_couple_5.jpg,animals,3.47,4.99,3.60,3.33,5.12,4.88,,,,,
OASIS_couple_6.jpg,families,4.14,5.61,4.08,4.19,5.52,5.73,,,,,
OASIS_couple_7.jpg,families,4.25,5.92,4.42,4.06,6.00,5.84,,,,,
OASIS_couple_8.jpg,families,4.16,5.76,4.33,3.98,5.92,5.61,,,,,
OASIS_couple_9.jpg,families,3.44,5.81,3.73,3.12,6.02,5.63,,,,,
OASIS_crosswalk_1.jpg,landscapes,2.32,3.96,2.40,2.22,3.92,4.00,,,,,
OASIS_crow_1.jpg,animals,2.80,4.71,2.79,2.82,4.82,4.58,,,,,
OASIS_crow_2.jpg,animals,2.66,4.41,2.87,2.43,4.35,4.46,,,,,
OASIS_cups_1.jpg,objects,2.03,4.28,1.81,2.27,4.28,4.28,,,,,
OASIS_cups_2.jpg,objects,2.09,4.15,2.08,2.12,4.14,4.16,,,,,
OASIS_cups_3.jpg,objects,2.26,4.73,2.10,2.43,4.96,4.44,,,,,
OASIS_cups_4.jpg,objects,2.20,4.14,2.47,1.90,4.08,4.19,,,,,
OASIS_dancing_1.jpg,people,3.44,5.30,3.48,3.39,5.38,5.22,,,,,
OASIS_dancing_2.jpg,people,3.49,5.22,3.48,3.45,5.41,4.95,,,,,
OASIS_dancing_3.jpg,people,3.85,4.88,4.02,3.74,5.05,4.66,,,,,
OASIS_dancing_4.jpg,people,3.65,5.54,3.62,3.69,5.84,5.16,,,,,
OASIS_dancing_5.jpg,families,3.54,5.70,3.60,3.49,5.82,5.56,,,,,
OASIS_dancing_6.jpg,people,3.69,5.81,3.76,3.61,5.92,5.70,,,,,
OASIS_dancing_7.jpg,families,3.38,5.87,3.55,3.18,6.08,5.68,,,,,
OASIS_dancing_8.jpg,people,3.41,5.31,3.44,3.36,5.48,5.09,,,,,
OASIS_dancing_9.jpg,people,3.83,5.58,3.87,3.82,5.93,5.33,,,,,
OASIS_dead_bodies_1.jpg,injuries,4.51,1.20,4.75,4.22,1.02,1.33,,,,,
OASIS_dead_bodies_2.jpg,death,4.48,1.25,4.64,4.31,1.09,1.36,,,,,
OASIS_dead_bodies_3.jpg,death,5.13,1.32,5.44,4.80,1.20,1.49,,,,,
OASIS_depressed_face_1.jpg,women,3.07,3.76,2.90,3.30,3.74,3.80,,,,,
OASIS_depressed_face_2.jpg,men,3.02,3.82,3.04,3.00,3.69,3.95,,,,,
OASIS_depressed_pose_1.jpg,men,3.45,2.69,3.84,3.02,2.65,2.74,,,,,
OASIS_depressed_pose_2.jpg,men,3.24,3.49,3.47,3.04,3.79,3.26,,,,,
OASIS_depressed_pose_3.jpg,women,4.01,2.66,3.92,4.10,2.61,2.76,,,,,
OASIS_depressed_pose_4.jpg,men,3.29,3.25,3.54,3.06,3.28,3.23,,,,,
OASIS_desert_1.jpg,landscapes,3.27,4.00,3.42,3.10,4.00,4.00,,,,,
OASIS_dessert_1.jpg,food,3.41,5.33,3.65,3.09,5.47,5.16,,,,,
OASIS_dessert_2.jpg,food,3.25,5.74,3.33,3.16,6.05,5.33,,,,,
OASIS_dessert_3.jpg,food,4.20,5.63,4.13,4.27,5.91,5.43,,,,,
OASIS_dessert_4.jpg,food,3.12,5.39,3.16,3.06,5.55,5.25,,,,,
OASIS_dessert_5.jpg,food,3.86,5.53,3.87,3.88,5.67,5.43,,,,,
OASIS_dessert_6.jpg,food,3.85,5.59,3.85,3.81,5.50,5.70,,,,,
OASIS_dessert_7.jpg,food,3.13,5.45,3.05,3.22,5.63,5.30,,,,,
OASIS_dessert_8.jpg,food,3.37,5.77,3.44,3.29,5.86,5.68,,,,,
OASIS_destruction_1.jpg,landscapes,4.32,3.18,4.44,4.26,2.79,3.68,,,,,
OASIS_destruction_2.jpg,disaster,3.93,1.84,4.64,3.14,1.67,2.00,,,,,
OASIS_destruction_3.jpg,objects,3.81,2.15,3.79,3.80,1.88,2.34,,,,,
OASIS_destruction_4.jpg,landscapes,4.10,2.01,4.02,4.16,1.81,2.16,,,,,
OASIS_destruction_5.jpg,objects,3.85,2.01,3.68,4.02,1.86,2.12,,,,,
OASIS_destruction_6.jpg,disaster,4.23,2.24,4.33,4.12,2.18,2.33,,,,,
OASIS_destruction_7.jpg,disaster,2.49,3.56,2.75,2.19,3.47,3.63,,,,,
OASIS_destruction_8.jpg,disaster,3.59,2.10,3.42,3.76,1.86,2.28,,,,,
OASIS_destruction_9.jpg,disaster,4.98,1.61,5.12,4.87,1.55,1.68,,,,,
OASIS_destruction_10.jpg,disaster,3.06,2.19,3.02,3.10,2.02,2.42,,,,,
OASIS_dirt_1.jpg,other,3.60,1.90,4.07,3.06,1.67,2.11,,,,,
OASIS_dirt_2.jpg,landscapes,3.35,5.60,3.50,3.18,5.68,5.49,,,,,
OASIS_dirt_3.jpg,other,2.04,4.14,1.81,2.31,4.14,4.14,,,,,
OASIS_dirt_4.jpg,other,1.91,4.00,1.85,2.00,3.91,4.11,,,,,
OASIS_dirt_5.jpg,other,1.99,3.54,1.85,2.16,3.44,3.62,,,,,
OASIS_dock_1.jpg,landscapes,3.64,5.56,3.87,3.41,5.84,5.36,,,,,
OASIS_doctor_1.jpg,medical,3.15,4.67,3.23,3.06,4.64,4.70,,,,,
OASIS_doctor_2.jpg,medical,3.65,4.06,4.20,3.04,4.06,4.05,,,,,
OASIS_doctor_3.jpg,medical,3.18,4.35,3.45,2.88,4.41,4.30,,,,,
OASIS_doctor_4.jpg,medical,3.88,3.81,3.89,3.90,3.79,3.83,,,,,
OASIS_doctor_5.jpg,medical,3.64,3.68,3.72,3.57,3.53,3.79,,,,,
OASIS_doctor_6.jpg,medical,2.55,4.38,2.50,2.61,4.54,4.20,,,,,
OASIS_doctor_7.jpg,medical,4.42,3.34,4.67,4.26,3.22,3.50,,,,,
OASIS_doctor_8.jpg,medical,3.92,3.73,3.85,4.00,3.74,3.72,,,,,
OASIS_doctor_9.jpg,medical,4.11,3.68,4.31,3.98,3.66,3.70,,,,,
OASIS_dog_1.jpg,animals,4.32,5.14,4.47,4.18,4.95,5.28,,,,,
OASIS_dog_2.jpg,animals,4.40,5.90,4.51,4.27,6.16,5.71,,,,,
OASIS_dog_3.jpg,animals,3.52,5.75,3.75,3.29,5.88,5.58,,,,,
OASIS_dog_4.jpg,animals,3.96,6.20,4.28,3.61,6.47,5.96,,,,,
OASIS_dog_5.jpg,animals,4.67,5.94,5.02,4.29,6.30,5.67,,,,,
OASIS_dog_6.jpg,animals,5.03,6.49,5.42,4.57,6.74,6.16,,,,,
OASIS_dog_7.jpg,animals,3.97,5.66,4.10,3.84,5.75,5.53,,,,,
OASIS_dog_8.jpg,animals,4.39,5.43,4.42,4.30,5.53,5.30,,,,,
OASIS_dog_9.jpg,animals,4.06,4.13,4.31,3.77,4.14,4.11,,,,,
OASIS_dog_10.jpg,animals,3.88,5.65,4.00,3.74,5.83,5.41,,,,,
OASIS_dog_11.jpg,animals,3.63,5.66,3.58,3.69,6.00,5.35,,,,,
OASIS_dog_12.jpg,animals,4.41,6.29,4.49,4.35,6.53,6.10,,,,,
OASIS_dog_13.jpg,animals,4.06,5.85,4.17,3.94,5.89,5.80,,,,,
OASIS_dog_14.jpg,animals,4.19,5.89,4.53,3.84,6.07,5.76,,,,,
OASIS_dog_15.jpg,animals,3.93,3.43,4.06,3.80,3.41,3.51,,,,,
OASIS_dog_16.jpg,animals,4.81,5.39,5.17,4.36,5.60,5.11,,,,,
OASIS_dog_17.jpg,animals,3.84,5.23,3.87,3.80,5.30,5.17,,,,,
OASIS_dog_18.jpg,animals,4.88,6.20,5.00,4.70,6.41,5.91,,,,,
OASIS_dog_19.jpg,animals,4.35,5.94,4.47,4.20,6.26,5.71,,,,,
OASIS_dog_20.jpg,animals,4.19,5.90,4.28,4.08,6.19,5.69,,,,,
OASIS_dog_21.jpg,animals,4.05,5.99,4.35,3.73,6.16,5.76,,,,,
OASIS_dog_22.jpg,animals,3.88,5.10,3.85,3.92,5.20,5.02,,,,,
OASIS_dog_23.jpg,animals,4.82,2.68,5.08,4.51,2.53,2.86,,,,,
OASIS_dog_24.jpg,animals,4.77,1.89,5.25,4.34,1.83,1.98,,,,,
OASIS_dog_25.jpg,animals,4.06,3.45,4.45,3.61,3.22,3.67,,,,,
OASIS_dog_26.jpg,animals,4.86,1.30,5.44,4.20,1.16,1.42,,,,,
OASIS_dog_27.jpg,animals,4.22,5.33,4.17,4.27,5.47,5.22,,,,,
OASIS_dog_28.jpg,animals,3.56,5.59,3.62,3.49,5.82,5.39,,,,,
OASIS_dog_29.jpg,animals,4.00,5.36,4.25,3.66,5.59,5.07,,,,,
OASIS_dog_30.jpg,animals,3.57,4.58,3.82,3.29,4.92,4.28,,,,,
OASIS_dog_31.jpg,animals,4.20,2.08,4.62,3.73,1.82,2.32,,,,,
OASIS_dog_attack_1.jpg,animals,4.59,2.85,5.04,4.08,2.94,2.77,,,,,
OASIS_dog_attack_2.jpg,animals,4.48,3.43,4.60,4.33,3.44,3.41,,,,,
OASIS_dog_attack_3.jpg,animals,5.09,2.65,5.35,4.83,2.55,2.77,,,,,
OASIS_drink_1.jpg,drugs and alcohol,2.71,4.56,2.52,2.91,4.52,4.61,,,,,
OASIS_drink_2.jpg,drugs and alcohol,2.87,4.36,2.90,2.84,4.29,4.47,,,,,
OASIS_dummy_1.jpg,injuries,5.20,1.16,5.73,4.61,1.12,1.19,,,,,
OASIS_eating_1.jpg,families,3.48,5.68,3.55,3.41,5.86,5.55,,,,,
OASIS_eating_2.jpg,women,3.24,5.33,2.62,3.90,5.34,5.33,,,,,
OASIS_eating_3.jpg,families,2.63,5.15,2.64,2.61,5.27,5.04,,,,,
OASIS_elephant_1.jpg,animals,4.39,5.86,4.48,4.34,6.09,5.57,,,,,
OASIS_excited_face_1.jpg,women,3.83,5.57,3.53,4.20,5.53,5.60,,,,,
OASIS_excited_face_2.jpg,families,4.07,5.82,4.25,3.96,5.97,5.64,,,,,
OASIS_excited_face_3.jpg,families,3.47,5.76,3.71,3.20,5.94,5.60,,,,,
OASIS_excited_face_4.jpg,men,3.09,4.25,3.08,3.10,4.23,4.26,,,,,
OASIS_excited_face_5.jpg,families,3.71,5.65,3.87,3.53,5.88,5.48,,,,,
OASIS_excited_face_6.jpg,families,3.48,5.73,3.65,3.29,5.88,5.60,,,,,
OASIS_excited_face_7.jpg,athletes,3.49,4.75,3.51,3.45,4.91,4.64,,,,,
OASIS_exercise_1.jpg,men,3.63,4.71,3.48,3.74,4.69,4.73,,,,,
OASIS_exercise_2.jpg,athletes,3.90,4.69,4.24,3.53,4.65,4.72,,,,,
OASIS_exercise_3.jpg,adventure,4.30,4.83,4.40,4.18,4.96,4.71,,,,,
OASIS_explosion_1.jpg,disaster,5.15,2.65,5.19,5.15,2.28,3.14,,,,,
OASIS_explosion_2.jpg,disaster,4.99,2.38,4.91,5.08,2.09,2.59,,,,,
OASIS_explosion_3.jpg,disaster,4.92,2.65,5.29,4.51,2.25,3.00,,,,,
OASIS_explosion_4.jpg,disaster,4.31,2.50,4.44,4.16,2.33,2.65,,,,,
OASIS_explosion_5.jpg,disaster,5.46,1.82,5.77,5.19,1.71,1.98,,,,,
OASIS_explosion_6.jpg,disaster,4.82,2.26,4.83,4.80,1.84,2.57,,,,,
OASIS_father_1.jpg,families,4.40,6.03,4.74,4.02,6.49,5.69,,,,,
OASIS_feces_1.jpg,objects,3.07,2.14,3.29,2.89,2.09,2.20,,,,,
OASIS_feces_2.jpg,objects,3.52,2.01,3.88,3.14,1.86,2.22,,,,,
OASIS_fence_1.jpg,objects,2.16,3.73,1.91,2.45,3.67,3.78,,,,,
OASIS_fence_2.jpg,objects,2.30,4.22,2.19,2.45,4.19,4.24,,,,,
OASIS_fence_3.jpg,objects,2.50,3.85,2.38,2.64,3.88,3.82,,,,,
OASIS_fence_4.jpg,objects,3.16,2.88,3.17,3.19,2.81,2.98,,,,,
OASIS_fence_5.jpg,objects,2.07,3.77,2.08,2.06,3.68,3.89,,,,,
OASIS_fence_6.jpg,objects,2.50,4.31,2.38,2.62,4.43,4.16,,,,,
OASIS_ferret_1.jpg,animals,4.49,2.80,4.90,4.15,2.88,2.70,,,,,
OASIS_fire_1.jpg,adventure,4.36,4.41,4.76,3.90,4.22,4.58,,,,,
OASIS_fire_2.jpg,disaster,4.68,1.96,5.04,4.29,1.57,2.32,,,,,
OASIS_fire_3.jpg,disaster,4.52,2.06,5.07,3.90,1.69,2.39,,,,,
OASIS_fire_4.jpg,disaster,4.21,4.32,4.27,4.14,4.32,4.36,,,,,
OASIS_fire_5.jpg,disaster,5.29,1.74,5.62,4.96,1.59,1.93,,,,,
OASIS_fire_6.jpg,disaster,4.52,2.23,4.45,4.59,1.88,2.48,,,,,
OASIS_fire_7.jpg,disaster,4.60,1.74,4.66,4.53,1.42,1.98,,,,,
OASIS_fire_8.jpg,disaster,4.69,4.20,4.68,4.69,4.16,4.22,,,,,
OASIS_fire_9.jpg,disaster,5.15,1.47,5.48,4.83,1.33,1.66,,,,,
OASIS_fire_10.jpg,disaster,4.66,2.47,4.77,4.66,2.14,2.91,,,,,
OASIS_fire_11.jpg,disaster,5.32,1.75,5.67,5.02,1.50,2.09,,,,,
OASIS_fire_hydrant_1.jpg,objects,2.33,4.20,2.27,2.36,4.28,4.09,,,,,
OASIS_fire_hydrant_2.jpg,objects,1.98,4.22,2.05,1.90,4.27,4.18,,,,,
OASIS_fire_hydrant_3.jpg,objects,2.35,4.25,2.12,2.59,4.25,4.24,,,,,
OASIS_fire_hydrant_4.jpg,objects,2.30,4.44,2.44,2.14,4.49,4.39,,,,,
OASIS_fireman_1.jpg,disaster,4.86,3.10,5.10,4.68,2.88,3.39,,,,,
OASIS_fireworks_1.jpg,landscapes,4.42,6.16,4.73,4.08,6.18,6.14,,,,,
OASIS_fireworks_2.jpg,landscapes,4.98,6.27,5.02,4.94,6.26,6.30,,,,,
OASIS_fireworks_3.jpg,landscapes,4.63,6.09,4.50,4.78,6.29,5.84,,,,,
OASIS_fireworks_4.jpg,landscapes,4.32,5.95,4.62,3.98,6.14,5.79,,,,,
OASIS_fireworks_5.jpg,landscapes,4.21,5.80,4.17,4.24,5.93,5.67,,,,,
OASIS_fireworks_6.jpg,landscapes,4.78,6.11,4.83,4.70,6.22,5.95,,,,,
OASIS_fireworks_7.jpg,landscapes,4.45,5.75,4.49,4.41,5.98,5.59,,,,,
OASIS_flood_1.jpg,disaster,4.13,2.36,4.04,4.22,2.23,2.56,,,,,
OASIS_flood_2.jpg,disaster,3.85,2.36,3.98,3.69,2.05,2.59,,,,,
OASIS_flood_3.jpg,disaster,4.29,2.29,4.25,4.33,2.16,2.49,,,,,
OASIS_flowers_1.jpg,plants,3.68,5.76,3.87,3.45,6.16,5.47,,,,,
OASIS_flowers_2.jpg,plants,3.46,5.95,3.71,3.13,6.22,5.59,,,,,
OASIS_flowers_3.jpg,plants,3.71,5.79,3.87,3.53,6.35,5.38,,,,,
OASIS_flowers_4.jpg,plants,3.72,5.70,3.79,3.61,6.26,5.29,,,,,
OASIS_flowers_5.jpg,plants,3.49,5.63,3.55,3.41,6.12,5.28,,,,,
OASIS_flowers_6.jpg,plants,3.01,5.94,3.22,2.78,6.16,5.75,,,,,
OASIS_flowers_7.jpg,plants,3.50,5.68,3.57,3.41,6.16,5.33,,,,,
OASIS_flowers_8.jpg,plants,3.70,5.91,3.73,3.60,6.05,5.73,,,,,
OASIS_flowers_9.jpg,plants,4.08,5.89,4.30,3.84,6.26,5.62,,,,,
OASIS_flowers_10.jpg,people,3.16,5.26,3.40,2.90,5.27,5.25,,,,,
OASIS_food_1.jpg,food,3.15,4.84,2.98,3.28,4.88,4.80,,,,,
OASIS_food_2.jpg,food,2.96,5.34,2.89,3.04,5.33,5.35,,,,,
OASIS_food_3.jpg,food,2.84,5.30,2.77,2.91,5.40,5.18,,,,,
OASIS_food_4.jpg,food,3.42,5.61,3.64,3.18,5.59,5.63,,,,,
OASIS_food_5.jpg,food,3.15,5.47,3.15,3.14,5.68,5.22,,,,,
OASIS_food_6.jpg,food,3.67,5.66,3.58,3.78,5.75,5.58,,,,,
OASIS_football_player_1.jpg,athletes,3.58,4.77,3.80,3.33,4.63,4.89,,,,,
OASIS_frisbee_1.jpg,people,3.22,5.59,3.17,3.27,5.64,5.49,,,,,
OASIS_frustrated_pose_1.jpg,women,4.25,2.35,4.13,4.37,2.14,2.64,,,,,
OASIS_frustrated_pose_2.jpg,men,3.49,2.64,3.65,3.38,2.57,2.73,,,,,
OASIS_frustrated_pose_3.jpg,men,3.56,2.35,3.82,3.27,2.24,2.46,,,,,
OASIS_frustrated_pose_4.jpg,men,3.28,3.42,3.52,3.04,3.45,3.39,,,,,
OASIS_frustrated_pose_5.jpg,men,3.74,2.46,3.88,3.59,2.43,2.53,,,,,
OASIS_frustrated_pose_6.jpg,women,4.04,4.68,3.68,4.45,4.53,4.79,,,,,
OASIS_frustrated_pose_7.jpg,men,3.25,2.70,3.40,3.13,2.64,2.77,,,,,
OASIS_frustrated_pose_8.jpg,men,3.37,3.74,3.65,3.04,3.71,3.77,,,,,
OASIS_funeral_1.jpg,death,4.24,2.92,4.37,4.10,3.07,2.78,,,,,
OASIS_galaxy_1.jpg,landscapes,4.09,5.60,3.92,4.27,5.54,5.71,,,,,
OASIS_galaxy_2.jpg,landscapes,4.44,5.77,4.28,4.63,5.88,5.69,,,,,
OASIS_galaxy_3.jpg,landscapes,4.01,5.45,3.77,4.27,5.32,5.64,,,,,
OASIS_galaxy_4.jpg,landscapes,4.46,5.43,4.56,4.30,5.41,5.45,,,,,
OASIS_galaxy_5.jpg,landscapes,4.42,5.61,4.34,4.49,5.74,5.52,,,,,
OASIS_galaxy_6.jpg,landscapes,4.17,5.34,4.21,4.06,5.33,5.36,,,,,
OASIS_galaxy_7.jpg,landscapes,4.50,6.06,4.35,4.67,6.02,6.11,,,,,
OASIS_galaxy_8.jpg,landscapes,4.57,5.52,4.71,4.43,5.41,5.66,,,,,
OASIS_garbage_dump_1.jpg,objects,2.86,2.20,2.92,2.80,2.13,2.31,,,,,
OASIS_garbage_dump_2.jpg,objects,3.78,1.60,4.11,3.41,1.47,1.72,,,,,
OASIS_garbage_dump_3.jpg,objects,3.47,2.00,3.67,3.30,1.86,2.18,,,,,
OASIS_garbage_dump_4.jpg,objects,3.79,1.64,4.25,3.27,1.53,1.74,,,,,
OASIS_garbage_dump_5.jpg,objects,3.33,2.14,3.60,3.04,1.96,2.38,,,,,
OASIS_garbage_dump_6.jpg,objects,3.32,1.96,3.69,2.90,1.71,2.19,,,,,
OASIS_garbage_dump_7.jpg,objects,2.48,2.74,2.50,2.45,2.71,2.80,,,,,
OASIS_garbage_dump_8.jpg,objects,3.15,2.06,3.31,2.98,1.84,2.36,,,,,
OASIS_gargoyle_1.jpg,objects,3.74,3.90,3.52,3.98,3.73,4.11,,,,,
OASIS_gargoyle_2.jpg,objects,3.76,3.27,3.85,3.65,3.08,3.44,,,,,
OASIS_gazing_1.jpg,women,3.09,4.86,2.88,3.31,4.70,5.04,,,,,
OASIS_gazing_2.jpg,people,3.38,5.11,3.56,3.18,5.16,5.02,,,,,
OASIS_gazing_3.jpg,families,3.31,5.43,3.54,3.06,5.69,5.19,,,,,
OASIS_gazing_4.jpg,men,3.01,4.49,3.10,2.91,4.53,4.43,,,,,
OASIS_gazing_5.jpg,men,3.31,5.44,3.45,3.14,5.51,5.39,,,,,
OASIS_gazing_6.jpg,families,3.49,5.84,3.37,3.61,6.05,5.58,,,,,
OASIS_gazing_7.jpg,men,3.56,4.98,3.63,3.51,5.09,4.84,,,,,
OASIS_goat_1.jpg,animals,3.31,5.33,3.24,3.39,5.39,5.28,,,,,
OASIS_goat_2.jpg,animals,3.04,5.20,3.16,2.90,5.37,5.05,,,,,
OASIS_gorrila_1.jpg,animals,3.54,3.91,3.85,3.18,3.92,3.89,,,,,
OASIS_grass_1.jpg,plants,2.23,4.96,2.22,2.24,4.86,5.05,,,,,
OASIS_grass_2.jpg,plants,2.43,4.94,2.37,2.47,5.12,4.70,,,,,
OASIS_grass_3.jpg,plants,2.11,5.01,2.27,1.94,5.13,4.87,,,,,
OASIS_grass_4.jpg,plants,2.11,5.23,2.37,1.84,5.21,5.27,,,,,
OASIS_grass_5.jpg,plants,2.43,4.94,2.42,2.40,5.10,4.73,,,,,
OASIS_grass_6.jpg,plants,2.85,5.16,2.70,3.06,5.35,5.02,,,,,
OASIS_grass_7.jpg,plants,2.34,4.89,2.33,2.32,5.05,4.68,,,,,
OASIS_graveyard_1.jpg,death,3.46,3.20,3.71,3.18,3.25,3.16,,,,,
OASIS_graveyard_2.jpg,death,3.57,3.28,3.60,3.53,3.12,3.40,,,,,
OASIS_graveyard_3.jpg,death,3.61,3.58,3.73,3.49,3.75,3.42,,,,,
OASIS_graveyard_4.jpg,death,3.63,3.21,3.75,3.49,3.16,3.26,,,,,
OASIS_guitar_1.jpg,men,3.26,5.53,3.55,2.94,5.61,5.46,,,,,
OASIS_gun_1.jpg,weapons,4.02,2.73,4.02,3.98,2.42,2.97,,,,,
OASIS_gun_2.jpg,weapons,4.20,2.75,4.15,4.26,2.66,2.86,,,,,
OASIS_gun_3.jpg,weapons,4.03,2.97,3.96,4.10,2.77,3.27,,,,,
OASIS_gun_4.jpg,weapons,3.89,2.86,3.79,4.00,2.71,3.09,,,,,
OASIS_gun_5.jpg,weapons,4.12,2.92,4.10,4.14,2.91,2.98,,,,,
OASIS_gun_6.jpg,weapons,3.96,2.84,3.79,4.12,2.67,2.97,,,,,
OASIS_gun_7.jpg,weapons,4.02,2.88,3.85,4.20,2.30,3.31,,,,,
OASIS_gun_8.jpg,weapons,3.94,3.08,3.74,4.14,2.67,3.38,,,,,
OASIS_gun_9.jpg,weapons,4.35,2.88,4.50,4.17,2.59,3.27,,,,,
OASIS_gun_10.jpg,weapons,4.17,2.64,4.04,4.31,2.26,2.93,,,,,
OASIS_hallway_1.jpg,landscapes,3.38,2.61,3.49,3.24,2.35,2.84,,,,,
OASIS_hang_gliding_1.jpg,adventure,4.35,5.06,4.58,4.08,4.92,5.18,,,,,
OASIS_hang_gliding_2.jpg,adventure,4.20,5.18,4.12,4.29,5.11,5.24,,,,,
OASIS_hang_gliding_3.jpg,adventure,4.10,4.93,3.98,4.22,4.93,4.93,,,,,
OASIS_hangover_1.jpg,drugs and alcohol,3.35,2.42,3.40,3.29,2.23,2.55,,,,,
OASIS_happy_face_1.jpg,families,3.03,5.47,3.04,3.02,5.71,5.26,,,,,
OASIS_happy_face_2.jpg,men,3.17,5.19,3.29,3.04,5.33,5.07,,,,,
OASIS_happy_pose_1.jpg,people,3.88,4.89,4.31,3.39,4.71,5.05,,,,,
OASIS_happy_pose_2.jpg,people,3.93,5.61,3.69,4.21,5.69,5.50,,,,,
OASIS_happy_pose_3.jpg,landscapes,3.93,5.74,4.17,3.67,5.91,5.62,,,,,
OASIS_heart_1.jpg,objects,2.77,4.67,2.73,2.82,4.75,4.58,,,,,
OASIS_heart_2.jpg,objects,3.10,4.93,3.11,3.08,5.00,4.86,,,,,
OASIS_heart_3.jpg,objects,2.53,4.75,2.60,2.47,4.95,4.51,,,,,
OASIS_horse_1.jpg,animals,3.72,5.94,3.95,3.47,6.16,5.74,,,,,
OASIS_horse_racing_1.jpg,animals,4.31,4.22,4.27,4.35,4.16,4.31,,,,,
OASIS_house_1.jpg,landscapes,3.07,4.71,3.13,3.02,4.86,4.50,,,,,
OASIS_injury_1.jpg,injuries,4.53,1.97,4.52,4.55,1.93,2.04,,,,,
OASIS_injury_2.jpg,injuries,4.06,2.09,4.45,3.61,2.02,2.16,,,,,
OASIS_injury_3.jpg,injuries,4.70,1.97,5.08,4.43,1.93,2.02,,,,,
OASIS_injury_4.jpg,injuries,5.47,1.39,5.56,5.37,1.32,1.49,,,,,
OASIS_intensity_1.jpg,women,4.15,2.81,4.31,4.06,2.74,2.91,,,,,
OASIS_jail_1.jpg,objects,3.73,2.23,4.00,3.51,2.33,2.09,,,,,
OASIS_jail_2.jpg,objects,3.65,2.02,3.74,3.59,1.63,2.31,,,,,
OASIS_jail_3.jpg,objects,3.90,2.52,4.23,3.57,2.40,2.68,,,,,
OASIS_jail_4.jpg,objects,3.43,2.11,3.91,2.90,1.86,2.33,,,,,
OASIS_jail_5.jpg,objects,3.29,3.07,3.19,3.39,3.04,3.16,,,,,
OASIS_keyboard_1.jpg,objects,2.15,4.17,2.00,2.28,4.21,4.11,,,,,
OASIS_keyboard_2.jpg,objects,2.37,4.11,2.19,2.59,4.07,4.14,,,,,
OASIS_keyboard_3.jpg,objects,2.29,4.33,2.00,2.57,4.29,4.39,,,,,
OASIS_keys_1.jpg,objects,2.37,4.03,2.11,2.67,3.95,4.09,,,,,
OASIS_kkk_rally_1.jpg,people,4.70,1.34,5.06,4.33,1.21,1.51,,,,,
OASIS_kkk_rally_2.jpg,violence,4.98,1.25,5.23,4.71,1.14,1.40,,,,,
OASIS_knife_1.jpg,weapons,3.62,3.25,3.58,3.67,3.13,3.42,,,,,
OASIS_knife_2.jpg,weapons,3.70,3.34,3.60,3.81,3.29,3.41,,,,,
OASIS_lake_1.jpg,landscapes,3.97,6.25,3.94,4.00,6.29,6.20,,,,,
OASIS_lake_2.jpg,landscapes,3.89,6.39,4.02,3.76,6.57,6.16,,,,,
OASIS_lake_3.jpg,landscapes,3.22,5.96,3.13,3.33,6.16,5.79,,,,,
OASIS_lake_4.jpg,landscapes,3.28,5.79,3.22,3.35,5.78,5.79,,,,,
OASIS_lake_5.jpg,landscapes,4.30,5.95,4.40,4.18,6.21,5.76,,,,,
OASIS_lake_6.jpg,landscapes,2.48,4.48,2.33,2.63,4.50,4.47,,,,,
OASIS_lake_7.jpg,landscapes,3.59,6.09,3.53,3.65,6.16,6.04,,,,,
OASIS_lake_8.jpg,landscapes,3.96,6.21,4.13,3.78,6.38,5.98,,,,,
OASIS_lake_9.jpg,landscapes,4.11,6.41,4.13,4.08,6.54,6.24,,,,,
OASIS_lake_10.jpg,landscapes,3.81,6.15,3.83,3.80,6.25,6.00,,,,,
OASIS_lake_11.jpg,landscapes,3.98,5.72,3.77,4.13,5.91,5.45,,,,,
OASIS_lake_12.jpg,landscapes,4.73,6.38,4.87,4.57,6.63,6.19,,,,,
OASIS_lake_13.jpg,landscapes,3.72,6.17,3.71,3.73,6.22,6.12,,,,,
OASIS_lake_14.jpg,landscapes,4.66,6.31,4.69,4.68,6.52,6.05,,,,,
OASIS_lake_15.jpg,landscapes,4.63,6.25,4.60,4.65,6.51,6.05,,,,,
OASIS_lake_16.jpg,landscapes,4.29,6.11,4.28,4.29,6.28,5.98,,,,,
OASIS_lake_17.jpg,landscapes,3.61,5.59,3.56,3.67,5.63,5.51,,,,,
OASIS_lamb_1.jpg,animals,3.95,5.75,4.17,3.72,6.03,5.39,,,,,
OASIS_lava_1.jpg,landscapes,4.72,4.06,4.98,4.43,3.65,4.42,,,,,
OASIS_lightning_1.jpg,landscapes,4.52,4.85,4.48,4.57,4.81,4.91,,,,,
OASIS_lightning_2.jpg,landscapes,4.62,4.26,4.53,4.71,4.33,4.21,,,,,
OASIS_lightning_3.jpg,landscapes,4.79,4.59,4.83,4.74,4.41,4.82,,,,,
OASIS_lightning_4.jpg,landscapes,4.83,4.46,4.96,4.70,4.31,4.66,,,,,
OASIS_lightning_5.jpg,landscapes,4.53,4.41,4.54,4.55,4.19,4.70,,,,,
OASIS_lightning_6.jpg,landscapes,4.71,4.49,4.85,4.57,4.46,4.56,,,,,
OASIS_lightning_7.jpg,landscapes,4.47,4.44,4.47,4.45,4.56,4.34,,,,,
OASIS_lion_1.jpg,animals,4.34,5.02,4.25,4.43,5.19,4.90,,,,,
OASIS_lion_2.jpg,animals,4.28,3.66,4.48,4.11,3.71,3.59,,,,,
OASIS_lion_3.jpg,animals,3.79,4.94,3.98,3.57,5.12,4.79,,,,,
OASIS_lion_4.jpg,animals,4.22,4.63,4.42,4.04,4.66,4.59,,,,,
OASIS_lion_5.jpg,animals,4.69,3.73,4.67,4.71,3.46,4.07,,,,,
OASIS_massage_1.jpg,women,4.17,5.71,3.92,4.43,5.80,5.58,,,,,
OASIS_massage_2.jpg,people,4.12,5.75,3.92,4.33,5.95,5.51,,,,,
OASIS_meerkat_1.jpg,animals,3.35,4.95,3.51,3.16,4.98,4.93,,,,,
OASIS_memorial_1.jpg,death,4.40,4.67,4.61,4.13,4.66,4.68,,,,,
OASIS_memorial_2.jpg,death,3.87,2.96,3.85,3.90,2.53,3.28,,,,,
OASIS_memorial_3.jpg,death,3.53,3.06,3.73,3.31,3.14,2.98,,,,,
OASIS_miserable_face_1.jpg,women,3.44,3.52,3.68,3.18,3.33,3.67,,,,,
OASIS_miserable_face_2.jpg,families,3.89,2.59,4.10,3.67,2.50,2.73,,,,,
OASIS_miserable_pose_1.jpg,men,3.44,2.56,3.42,3.45,2.54,2.62,,,,,
OASIS_miserable_pose_2.jpg,men,3.16,2.80,3.35,2.96,2.65,2.93,,,,,
OASIS_miserable_pose_3.jpg,medical,5.15,1.11,5.69,4.70,1.09,1.14,,,,,
OASIS_miserable_pose_4.jpg,families,3.96,2.58,4.07,3.84,2.33,2.81,,,,,
OASIS_miserable_pose_5.jpg,families,3.45,2.95,3.67,3.20,2.93,3.02,,,,,
OASIS_money_1.jpg,objects,3.68,4.96,3.55,3.88,5.00,4.93,,,,,
OASIS_monkey_1.jpg,animals,4.21,4.87,4.45,3.98,5.00,4.78,,,,,
OASIS_monkey_2.jpg,animals,3.72,4.03,3.81,3.63,3.93,4.11,,,,,
OASIS_monkey_3.jpg,animals,3.57,3.62,3.91,3.18,3.31,3.89,,,,,
OASIS_monkey_4.jpg,animals,3.68,2.86,3.96,3.37,2.67,3.04,,,,,
OASIS_moon_1.jpg,landscapes,3.61,5.27,3.65,3.62,5.36,5.16,,,,,
OASIS_mother_1.jpg,families,4.09,6.11,4.31,3.86,6.27,5.89,,,,,
OASIS_mother_2.jpg,families,3.85,5.93,3.91,3.78,6.06,5.81,,,,,
OASIS_mother_3.jpg,families,4.11,5.09,4.21,3.98,5.19,5.02,,,,,
OASIS_mother_4.jpg,families,4.09,6.05,4.44,3.71,6.25,5.78,,,,,
OASIS_mother_5.jpg,families,3.51,5.94,3.51,3.51,6.10,5.79,,,,,
OASIS_mother_6.jpg,families,4.45,6.08,4.69,4.17,6.33,5.75,,,,,
OASIS_mother_7.jpg,families,4.30,6.04,4.49,4.14,6.42,5.76,,,,,
OASIS_mother_8.jpg,families,3.97,5.93,4.23,3.69,6.02,5.82,,,,,
OASIS_mother_9.jpg,families,3.63,5.98,3.96,3.27,6.18,5.81,,,,,
OASIS_motocross_1.jpg,adventure,3.87,4.78,4.18,3.51,4.63,4.91,,,,,
OASIS_musician_1.jpg,men,3.21,5.41,3.25,3.16,5.59,5.25,,,,,
OASIS_nature_1.jpg,landscapes,4.43,6.12,4.58,4.24,6.53,5.81,,,,,
OASIS_nature_2.jpg,landscapes,3.57,5.67,3.60,3.57,5.86,5.41,,,,,
OASIS_neonazi_1.jpg,people,4.44,2.04,4.63,4.22,1.98,2.13,,,,,
OASIS_neutral_face_1.jpg,men,2.41,3.96,2.17,2.64,3.93,4.00,,,,,
OASIS_neutral_face_2.jpg,men,2.18,4.68,2.13,2.24,4.65,4.70,,,,,
OASIS_neutral_face_3.jpg,men,2.62,4.50,2.42,2.86,4.58,4.45,,,,,
OASIS_neutral_face_4.jpg,men,2.18,3.89,2.33,2.02,3.75,4.07,,,,,
OASIS_neutral_face_5.jpg,women,3.77,4.98,3.04,4.55,4.63,5.44,,,,,
OASIS_neutral_pose_1.jpg,men,3.02,5.06,3.08,2.98,5.07,5.05,,,,,
OASIS_neutral_pose_2.jpg,landscapes,3.66,5.25,3.71,3.61,5.36,5.13,,,,,
OASIS_neutral_pose_3.jpg,people,2.60,3.81,2.62,2.61,3.74,3.86,,,,,
OASIS_nude_couple_1.jpg,female-male erotic,4.99,5.42,4.94,5.04,5.54,5.29,,,,,
OASIS_nude_couple_2.jpg,female-male erotic,4.41,5.44,4.08,4.83,5.34,5.57,,,,,
OASIS_nude_couple_3.jpg,female-male erotic,4.50,5.45,4.23,4.80,5.57,5.29,,,,,
OASIS_nude_couple_4.jpg,female-male erotic,4.47,5.36,4.29,4.68,5.24,5.52,,,,,
OASIS_nude_couple_5.jpg,female-male erotic,5.35,5.69,5.47,5.20,5.69,5.68,,,,,
OASIS_nude_couple_6.jpg,female-male erotic,5.43,5.30,4.91,6.00,4.86,5.62,,,,,
OASIS_nude_couple_7.jpg,female-male erotic,4.21,5.69,4.04,4.43,5.91,5.53,,,,,
OASIS_nude_couple_8.jpg,female-male erotic,4.70,5.28,4.91,4.47,5.16,5.39,,,,,
OASIS_nude_couple_9.jpg,female-male erotic,5.06,5.17,4.96,5.16,5.14,5.20,,,,,
OASIS_nude_couple_10.jpg,families,4.30,5.50,4.06,4.62,5.40,5.64,,,,,
OASIS_nude_couple_11.jpg,female-male erotic,5.72,4.65,5.42,6.04,4.25,5.20,,,,,
OASIS_nude_couple_12.jpg,female-male erotic,5.22,5.07,4.94,5.51,4.91,5.29,,,,,
OASIS_nude_couple_13.jpg,female-male erotic,4.51,5.79,4.38,4.66,5.74,5.86,,,,,
OASIS_nude_couple_14.jpg,female-male erotic,5.62,4.84,5.13,6.14,4.47,5.12,,,,,
OASIS_nude_man_1.jpg,male erotic,3.29,4.38,3.62,2.96,4.48,4.25,,,,,
OASIS_nude_man_2.jpg,male erotic,3.06,4.44,3.25,2.86,4.57,4.27,,,,,
OASIS_nude_man_3.jpg,male erotic,3.66,4.59,4.17,3.17,4.86,4.23,,,,,
OASIS_nude_man_4.jpg,men,3.61,4.71,4.32,2.82,5.53,4.10,,,,,
OASIS_nude_man_5.jpg,men,3.52,4.00,3.77,3.28,3.98,4.02,,,,,
OASIS_nude_man_6.jpg,male-male erotic,3.75,4.51,4.49,2.92,5.02,4.14,,,,,
OASIS_nude_man_7.jpg,male erotic,3.76,3.17,4.28,3.16,3.47,2.95,,,,,
OASIS_nude_man_8.jpg,male-male erotic,3.50,3.40,4.20,2.71,3.61,3.21,,,,,
OASIS_nude_man_9.jpg,male erotic,3.72,3.54,4.34,3.02,3.84,3.33,,,,,
OASIS_nude_man_10.jpg,male erotic,4.16,3.18,4.63,3.72,3.33,2.98,,,,,
OASIS_nude_man_11.jpg,male erotic,3.41,4.66,4.09,2.67,4.79,4.57,,,,,
OASIS_nude_man_12.jpg,men,3.49,4.30,3.92,2.98,4.63,4.05,,,,,
OASIS_nude_man_13.jpg,men,3.70,4.34,4.62,2.67,4.94,3.81,,,,,
OASIS_nude_man_14.jpg,men,3.54,3.86,4.15,2.86,4.21,3.60,,,,,
OASIS_nude_man_15.jpg,male-male erotic,3.88,4.43,4.89,2.76,5.06,3.86,,,,,
OASIS_nude_man_16.jpg,male erotic,3.49,3.72,3.92,2.98,4.35,3.26,,,,,
OASIS_nude_man_17.jpg,male erotic,3.52,3.54,4.16,2.80,3.94,3.18,,,,,
OASIS_nude_man_18.jpg,male erotic,3.80,4.77,4.64,2.86,5.12,4.46,,,,,
OASIS_nude_man_19.jpg,men,4.22,3.48,5.11,3.22,4.06,2.96,,,,,
OASIS_nude_man_20.jpg,male-male erotic,3.26,4.30,3.71,2.81,4.43,4.14,,,,,
OASIS_nude_man_21.jpg,male erotic,4.31,3.55,5.02,3.55,3.84,3.22,,,,,
OASIS_nude_man_22.jpg,male erotic,3.90,4.80,4.38,3.45,4.98,4.57,,,,,
OASIS_nude_man_23.jpg,male-male erotic,3.59,3.98,3.92,3.24,4.09,3.87,,,,,
OASIS_nude_woman_1.jpg,female erotic,4.40,5.00,3.53,5.35,4.37,5.47,,,,,
OASIS_nude_woman_2.jpg,female erotic,4.71,4.62,3.94,5.53,4.09,5.02,,,,,
OASIS_nude_woman_3.jpg,female erotic,5.35,4.62,4.75,5.98,3.95,5.49,,,,,
OASIS_nude_woman_4.jpg,female erotic,4.68,3.87,3.94,5.49,3.40,4.22,,,,,
OASIS_nude_woman_5.jpg,female erotic,4.94,5.35,4.08,5.85,4.74,6.16,,,,,
OASIS_nude_woman_6.jpg,female erotic,4.46,4.80,3.75,5.20,4.32,5.42,,,,,
OASIS_nude_woman_7.jpg,female-female erotic,4.70,5.18,3.75,5.76,4.49,5.69,,,,,
OASIS_nude_woman_8.jpg,female erotic,4.78,5.37,3.94,5.70,4.71,6.25,,,,,
OASIS_nude_woman_9.jpg,female erotic,4.76,5.21,3.73,5.85,4.24,6.48,,,,,
OASIS_nude_woman_10.jpg,female erotic,5.17,5.05,4.95,5.43,4.12,5.88,,,,,
OASIS_nude_woman_11.jpg,female erotic,4.91,5.19,4.64,5.22,4.39,5.89,,,,,
OASIS_nude_woman_12.jpg,female erotic,4.92,5.21,4.06,5.88,4.84,5.48,,,,,
OASIS_nude_woman_13.jpg,female erotic,5.26,5.30,4.93,5.63,4.57,5.95,,,,,
OASIS_nude_woman_14.jpg,female erotic,4.95,5.09,4.12,5.84,4.59,5.76,,,,,
OASIS_nude_woman_15.jpg,female erotic,5.38,5.28,4.56,6.24,4.68,6.04,,,,,
OASIS_nude_woman_16.jpg,female erotic,5.45,4.69,5.24,5.69,3.98,5.33,,,,,
OASIS_nude_woman_17.jpg,female erotic,5.21,5.13,5.02,5.43,4.31,5.86,,,,,
OASIS_nude_woman_18.jpg,female erotic,5.40,4.99,5.07,5.78,4.06,5.82,,,,,
OASIS_nude_woman_19.jpg,female erotic,5.47,4.91,4.83,6.14,4.16,5.89,,,,,
OASIS_nude_woman_20.jpg,female erotic,5.16,4.89,4.42,5.91,3.83,6.30,,,,,
OASIS_nude_woman_21.jpg,female erotic,4.77,4.76,4.06,5.53,4.32,5.33,,,,,
OASIS_nude_woman_22.jpg,female erotic,4.92,4.75,4.60,5.29,3.73,5.67,,,,,
OASIS_office_supplies_1.jpg,objects,1.88,4.04,1.89,1.88,4.14,3.95,,,,,
OASIS_office_supplies_2.jpg,objects,1.84,4.09,1.72,2.00,3.98,4.17,,,,,
OASIS_office_supplies_3.jpg,objects,2.72,4.24,2.79,2.67,4.23,4.24,,,,,
OASIS_office_supplies_4.jpg,objects,2.15,4.28,2.02,2.31,4.37,4.21,,,,,
OASIS_office_supplies_5.jpg,objects,1.87,4.06,1.84,1.90,4.04,4.07,,,,,
OASIS_opossum_1.jpg,animals,4.07,3.28,4.13,4.00,3.16,3.44,,,,,
OASIS_orangutan_1.jpg,animals,3.57,4.94,3.96,3.21,5.00,4.86,,,,,
OASIS_ornament_1.jpg,objects,2.88,5.25,2.88,2.88,5.59,4.82,,,,,
OASIS_paintbrush_1.jpg,objects,2.11,4.06,2.13,2.08,4.10,4.04,,,,,
OASIS_paper_1.jpg,objects,1.86,4.16,1.81,1.94,4.21,4.12,,,,,
OASIS_paper_2.jpg,objects,1.93,4.09,1.85,2.04,4.16,4.03,,,,,
OASIS_paper_3.jpg,objects,1.82,4.24,1.90,1.73,4.25,4.22,,,,,
OASIS_paper_4.jpg,objects,1.87,4.09,1.70,2.08,4.00,4.16,,,,,
OASIS_paper_5.jpg,objects,2.26,4.36,2.13,2.40,4.52,4.16,,,,,
OASIS_paperclips_1.jpg,objects,2.00,3.99,1.81,2.19,3.98,4.00,,,,,
OASIS_paperclips_2.jpg,objects,2.34,4.58,2.33,2.35,4.75,4.38,,,,,
OASIS_paperclips_3.jpg,objects,1.84,4.05,1.62,2.06,4.09,4.00,,,,,
OASIS_paperclips_4.jpg,objects,2.08,4.07,1.87,2.33,4.07,4.07,,,,,
OASIS_parachuting_1.jpg,adventure,4.54,5.13,4.79,4.34,5.21,5.02,,,,,
OASIS_parachuting_2.jpg,adventure,4.34,5.43,4.12,4.57,5.57,5.27,,,,,
OASIS_parachuting_3.jpg,adventure,4.79,5.39,5.02,4.53,5.63,5.21,,,,,
OASIS_parachuting_4.jpg,adventure,5.21,4.80,5.31,5.09,4.60,5.07,,,,,
OASIS_parade_1.jpg,people,3.48,5.65,3.85,3.06,5.73,5.58,,,,,
OASIS_parasailing_1.jpg,adventure,3.96,5.66,3.75,4.18,5.73,5.58,,,,,
OASIS_parasailing_2.jpg,adventure,4.35,5.13,4.47,4.24,5.14,5.12,,,,,
OASIS_parasailing_3.jpg,adventure,4.27,5.14,4.30,4.24,5.23,5.07,,,,,
OASIS_parasailing_4.jpg,adventure,4.20,5.31,4.31,4.08,5.24,5.37,,,,,
OASIS_party_1.jpg,drugs and alcohol,2.94,4.52,2.65,3.24,4.55,4.49,,,,,
OASIS_path_1.jpg,landscapes,2.73,4.81,2.88,2.57,4.98,4.60,,,,,
OASIS_penguins_1.jpg,animals,3.75,5.66,3.83,3.65,5.95,5.45,,,,,
OASIS_penguins_2.jpg,animals,4.65,6.21,4.91,4.37,6.51,5.98,,,,,
OASIS_performance_1.jpg,other,3.86,5.57,3.79,4.00,5.79,5.41,,,,,
OASIS_performance_2.jpg,other,3.49,4.70,3.82,3.12,4.41,4.96,,,,,
OASIS_phone_1.jpg,objects,2.41,4.51,2.27,2.55,4.52,4.50,,,,,
OASIS_picnic_1.jpg,families,3.73,6.06,3.94,3.49,6.37,5.83,,,,,
OASIS_picnic_2.jpg,families,3.47,5.91,3.60,3.33,6.02,5.81,,,,,
OASIS_picnic_3.jpg,men,3.27,4.55,3.65,2.84,4.51,4.58,,,,,
OASIS_picnic_4.jpg,families,3.22,5.03,3.40,3.02,5.19,4.91,,,,,
OASIS_pig_1.jpg,animals,3.25,4.54,3.35,3.19,4.57,4.50,,,,,
OASIS_pig_2.jpg,animals,3.20,4.69,3.38,3.00,4.98,4.44,,,,,
OASIS_pigeon_1.jpg,animals,2.43,4.56,2.52,2.33,4.63,4.49,,,,,
OASIS_pigeon_2.jpg,animals,2.28,4.54,2.21,2.35,4.55,4.53,,,,,
OASIS_pigeon_3.jpg,animals,2.63,4.63,2.56,2.71,4.70,4.56,,,,,
OASIS_pigeon_4.jpg,animals,3.21,5.12,3.34,3.08,5.42,4.90,,,,,
OASIS_pigeon_5.jpg,animals,2.51,4.53,2.56,2.45,4.55,4.51,,,,,
OASIS_pigeon_6.jpg,animals,3.82,2.32,4.18,3.41,2.24,2.40,,,,,
OASIS_pinecone_1.jpg,plants,2.07,4.64,2.17,1.96,4.71,4.53,,,,,
OASIS_pinecone_2.jpg,plants,2.13,4.42,2.27,1.98,4.46,4.38,,,,,
OASIS_pinecone_3.jpg,plants,2.42,5.20,2.58,2.24,5.12,5.28,,,,,
OASIS_pinecone_4.jpg,plants,2.35,4.55,2.25,2.45,4.59,4.51,,,,,
OASIS_plane_crash_1.jpg,disaster,4.01,2.60,3.87,4.16,2.41,2.87,,,,,
OASIS_plane_crash_2.jpg,disaster,3.87,2.81,3.88,3.86,2.64,3.07,,,,,
OASIS_plane_crash_3.jpg,disaster,4.13,2.24,4.31,3.98,1.91,2.66,,,,,
OASIS_plane_crash_4.jpg,disaster,4.11,2.05,3.94,4.27,1.77,2.26,,,,,
OASIS_police_1.jpg,police,4.28,2.59,4.25,4.31,2.80,2.36,,,,,
OASIS_police_2.jpg,weapons,4.57,2.39,5.00,4.08,2.24,2.53,,,,,
OASIS_police_3.jpg,police,3.39,4.29,3.62,3.14,4.37,4.21,,,,,
OASIS_police_4.jpg,police,3.77,3.28,3.83,3.71,3.18,3.44,,,,,
OASIS_police_5.jpg,police,4.04,2.43,4.04,4.04,2.54,2.33,,,,,
OASIS_pollution_1.jpg,landscapes,3.62,2.48,3.36,3.88,1.98,2.84,,,,,
OASIS_power_lines_1.jpg,landscapes,2.67,3.97,2.63,2.71,4.11,3.80,,,,,
OASIS_present_1.jpg,objects,2.98,5.51,3.19,2.76,5.80,5.16,,,,,
OASIS_present_2.jpg,objects,3.09,5.49,3.35,2.82,5.77,5.16,,,,,
OASIS_prison_1.jpg,landscapes,2.76,4.03,2.73,2.80,4.09,3.98,,,,,
OASIS_prison_2.jpg,objects,3.18,2.62,3.58,2.73,2.55,2.68,,,,,
OASIS_pumpkin_1.jpg,objects,2.31,4.85,2.29,2.33,4.98,4.71,,,,,
OASIS_raccoon_1.jpg,animals,4.12,3.60,4.13,4.10,3.51,3.67,,,,,
OASIS_rafting_1.jpg,adventure,4.37,4.58,4.93,3.73,4.18,4.95,,,,,
OASIS_rafting_2.jpg,adventure,4.82,4.82,4.81,4.81,4.88,4.75,,,,,
OASIS_rafting_3.jpg,adventure,4.23,5.10,4.13,4.33,5.07,5.13,,,,,
OASIS_rafting_4.jpg,adventure,4.05,5.58,4.56,3.47,5.59,5.58,,,,,
OASIS_rafting_5.jpg,adventure,4.83,5.19,4.96,4.68,5.24,5.11,,,,,
OASIS_rafting_6.jpg,adventure,4.12,4.99,4.73,3.43,4.73,5.23,,,,,
OASIS_railroad_1.jpg,landscapes,2.95,4.26,2.96,2.94,4.29,4.27,,,,,
OASIS_rainbow_1.jpg,landscapes,4.06,6.23,4.18,3.92,6.18,6.28,,,,,
OASIS_rainbow_2.jpg,landscapes,4.90,6.26,5.09,4.69,6.65,5.97,,,,,
OASIS_research_1.jpg,landscapes,4.38,4.49,4.36,4.43,4.35,4.59,,,,,
OASIS_road_1.jpg,vehicles,3.38,5.06,3.08,3.69,5.00,5.13,,,,,
OASIS_rock_climbing_1.jpg,adventure,4.26,4.54,4.21,4.32,4.55,4.52,,,,,
OASIS_rock_climbing_2.jpg,adventure,4.64,4.68,4.83,4.51,4.79,4.52,,,,,
OASIS_rock_climbing_3.jpg,adventure,4.47,4.55,4.25,4.69,4.73,4.31,,,,,
OASIS_rock_climbing_4.jpg,adventure,4.23,4.24,4.69,3.71,3.96,4.49,,,,,
OASIS_rocks_1.jpg,other,2.42,4.68,2.17,2.68,4.90,4.39,,,,,
OASIS_rocks_2.jpg,other,2.11,4.31,1.89,2.37,4.42,4.22,,,,,
OASIS_rocks_3.jpg,other,2.20,4.31,2.17,2.21,4.34,4.27,,,,,
OASIS_rocks_4.jpg,other,2.18,4.52,2.33,2.02,4.55,4.49,,,,,
OASIS_rocks_5.jpg,other,2.17,4.48,2.02,2.30,4.59,4.34,,,,,
OASIS_rocks_6.jpg,other,1.85,4.21,1.92,1.78,4.21,4.20,,,,,
OASIS_rocks_7.jpg,other,1.92,4.31,1.88,1.96,4.29,4.36,,,,,
OASIS_rollercoaster_1.jpg,adventure,4.71,5.45,4.79,4.61,5.49,5.41,,,,,
OASIS_rollercoaster_2.jpg,adventure,5.12,5.37,5.15,5.17,5.33,5.43,,,,,
OASIS_rollercoaster_3.jpg,adventure,4.40,5.11,4.49,4.33,5.14,5.09,,,,,
OASIS_roofing_1.jpg,objects,2.01,4.02,1.79,2.27,4.05,4.00,,,,,
OASIS_roofing_2.jpg,objects,2.13,4.06,2.02,2.27,4.02,4.09,,,,,
OASIS_roofing_3.jpg,objects,2.08,3.93,2.22,1.92,3.88,3.96,,,,,
OASIS_roofing_4.jpg,objects,2.35,3.57,2.17,2.55,3.45,3.73,,,,,
OASIS_roofing_5.jpg,objects,1.92,4.05,1.79,2.08,4.07,4.03,,,,,
OASIS_rooster_1.jpg,animals,3.46,4.32,3.73,3.19,4.43,4.18,,,,,
OASIS_rubber_duck_1.jpg,objects,3.76,5.41,3.75,3.68,5.48,5.32,,,,,
OASIS_rugby_1.jpg,athletes,3.98,4.22,4.45,3.45,4.02,4.40,,,,,
OASIS_rugby_2.jpg,athletes,3.07,5.35,2.90,3.24,5.41,5.27,,,,,
OASIS_running_away_1.jpg,landscapes,3.56,4.58,3.54,3.59,4.54,4.64,,,,,
OASIS_sad_face_1.jpg,families,4.34,2.69,4.56,4.17,2.69,2.68,,,,,
OASIS_sad_face_2.jpg,families,4.27,3.05,4.64,3.86,2.79,3.24,,,,,
OASIS_sad_face_3.jpg,men,3.43,3.14,3.57,3.27,3.12,3.16,,,,,
OASIS_sad_face_4.jpg,men,2.89,3.47,3.00,2.81,3.43,3.52,,,,,
OASIS_sad_face_5.jpg,families,3.11,4.33,2.87,3.37,4.25,4.47,,,,,
OASIS_sad_face_6.jpg,families,3.76,3.64,3.94,3.59,3.49,3.76,,,,,
OASIS_sad_face_7.jpg,families,3.80,3.14,3.96,3.59,2.72,3.45,,,,,
OASIS_sad_face_8.jpg,families,4.16,2.63,4.60,3.67,2.45,2.79,,,,,
OASIS_sad_face_9.jpg,families,4.26,2.31,4.58,3.90,2.24,2.39,,,,,
OASIS_sad_pose_1.jpg,women,3.67,2.88,3.71,3.62,2.90,2.86,,,,,
OASIS_sad_pose_2.jpg,women,3.29,3.60,2.87,3.83,3.53,3.68,,,,,
OASIS_sad_pose_3.jpg,women,3.74,2.87,4.16,3.27,2.75,2.98,,,,,
OASIS_sad_pose_4.jpg,women,3.32,2.84,3.44,3.18,2.57,3.09,,,,,
OASIS_sad_pose_5.jpg,men,3.36,3.12,3.58,3.12,3.16,3.11,,,,,
OASIS_sad_pose_6.jpg,women,3.19,3.32,3.19,3.18,3.21,3.40,,,,,
OASIS_sad_pose_7.jpg,people,3.67,2.74,4.04,3.27,2.43,3.02,,,,,
OASIS_sailing_1.jpg,adventure,4.46,4.59,4.51,4.39,4.33,4.79,,,,,
OASIS_sailing_2.jpg,adventure,4.56,5.30,4.52,4.68,5.28,5.34,,,,,
OASIS_sailing_3.jpg,landscapes,3.62,5.45,3.60,3.72,5.59,5.27,,,,,
OASIS_satellite_1.jpg,objects,3.83,5.07,3.40,4.29,4.89,5.31,,,,,
OASIS_scared_cat_1.jpg,animals,4.54,4.61,4.63,4.45,4.70,4.49,,,,,
OASIS_scared_face_1.jpg,men,3.20,3.89,3.32,3.08,4.00,3.81,,,,,
OASIS_scared_face_2.jpg,men,3.20,3.77,3.15,3.24,3.80,3.76,,,,,
OASIS_scared_face_3.jpg,women,4.12,3.05,4.22,4.00,2.88,3.19,,,,,
OASIS_scared_face_4.jpg,men,3.49,2.97,3.70,3.24,2.79,3.10,,,,,
OASIS_scared_face_5.jpg,women,3.70,3.03,3.98,3.39,2.77,3.22,,,,,
OASIS_scary_face_1.jpg,people,4.52,1.78,4.78,4.22,1.39,2.12,,,,,
OASIS_scary_face_2.jpg,women,3.96,3.04,4.13,3.76,3.14,2.97,,,,,
OASIS_school_1.jpg,people,3.15,5.15,3.10,3.19,5.29,4.95,,,,,
OASIS_school_2.jpg,families,3.96,5.83,4.15,3.79,6.05,5.55,,,,,
OASIS_school_3.jpg,people,3.40,5.09,3.58,3.24,5.30,4.93,,,,,
OASIS_school_4.jpg,families,3.32,4.56,3.65,2.94,4.65,4.49,,,,,
OASIS_school_5.jpg,families,2.63,4.54,2.56,2.74,4.79,4.20,,,,,
OASIS_school_6.jpg,families,3.10,5.61,3.19,3.00,5.68,5.51,,,,,
OASIS_school_7.jpg,families,3.19,5.65,3.31,3.06,5.71,5.53,,,,,
OASIS_school_8.jpg,families,3.34,5.29,3.49,3.18,5.44,5.17,,,,,
OASIS_seal_1.jpg,animals,3.89,4.64,4.08,3.69,4.70,4.56,,,,,
OASIS_severed_finger_1.jpg,injuries,4.37,1.67,4.40,4.33,1.49,1.81,,,,,
OASIS_shark_1.jpg,animals,4.12,3.76,4.22,4.00,3.47,4.02,,,,,
OASIS_shark_2.jpg,animals,4.56,3.66,4.60,4.53,3.59,3.73,,,,,
OASIS_shark_3.jpg,animals,4.34,3.81,4.23,4.45,3.86,3.78,,,,,
OASIS_shark_4.jpg,animals,4.61,3.08,4.64,4.57,2.98,3.16,,,,,
OASIS_shark_5.jpg,animals,4.45,3.60,4.54,4.35,3.52,3.69,,,,,
OASIS_shark_6.jpg,animals,3.94,3.90,4.15,3.71,3.73,4.05,,,,,
OASIS_shark_7.jpg,animals,4.28,3.81,4.04,4.51,3.93,3.72,,,,,
OASIS_shark_8.jpg,animals,4.45,4.07,4.73,4.11,4.09,4.05,,,,,
OASIS_shark_9.jpg,animals,4.44,3.88,4.60,4.32,3.88,3.89,,,,,
OASIS_shark_10.jpg,animals,4.47,3.24,4.42,4.51,3.14,3.31,,,,,
OASIS_shark_11.jpg,animals,4.36,3.71,4.30,4.41,3.74,3.69,,,,,
OASIS_shooting_1.jpg,weapons,4.43,3.34,4.46,4.38,3.26,3.45,,,,,
OASIS_shot_1.jpg,medical,4.22,2.76,4.23,4.20,2.84,2.71,,,,,
OASIS_shot_2.jpg,medical,4.12,3.70,4.31,4.02,3.55,3.89,,,,,
OASIS_shot_3.jpg,medical,4.17,1.92,4.64,3.65,1.73,2.09,,,,,
OASIS_shot_4.jpg,medical,3.60,2.55,3.46,3.76,2.59,2.53,,,,,
OASIS_shot_5.jpg,medical,3.71,3.03,3.88,3.60,2.91,3.18,,,,,
OASIS_siblings_1.jpg,families,3.98,6.20,4.31,3.61,6.49,5.95,,,,,
OASIS_sidewalk_1.jpg,other,2.30,4.31,2.25,2.35,4.32,4.31,,,,,
OASIS_sidewalk_2.jpg,other,2.42,4.57,2.38,2.45,4.71,4.40,,,,,
OASIS_sidewalk_3.jpg,other,2.23,4.30,2.13,2.37,4.33,4.28,,,,,
OASIS_sidewalk_4.jpg,landscapes,3.39,5.46,3.48,3.32,5.66,5.20,,,,,
OASIS_sidewalk_5.jpg,other,1.98,4.46,1.92,2.04,4.41,4.53,,,,,
OASIS_sidewalk_6.jpg,other,1.92,2.83,1.90,1.94,3.02,2.58,,,,,
OASIS_skier_1.jpg,adventure,4.22,5.47,4.73,3.65,5.47,5.47,,,,,
OASIS_skijump_1.jpg,adventure,3.99,4.50,4.06,3.87,4.48,4.52,,,,,
OASIS_skijump_2.jpg,adventure,4.19,4.86,4.08,4.35,4.91,4.83,,,,,
OASIS_skinhead_1.jpg,men,3.35,3.06,3.76,2.88,3.24,2.89,,,,,
OASIS_sky_1.jpg,landscapes,2.87,4.65,2.85,2.87,4.66,4.64,,,,,
OASIS_skydiving_1.jpg,adventure,4.68,5.23,5.09,4.22,5.25,5.21,,,,,
OASIS_skydiving_2.jpg,adventure,4.60,5.33,4.44,4.78,5.59,5.02,,,,,
OASIS_skydiving_3.jpg,adventure,5.05,5.08,5.13,5.00,4.88,5.22,,,,,
OASIS_skydiving_4.jpg,adventure,4.40,5.39,4.21,4.59,5.54,5.22,,,,,
OASIS_skydiving_5.jpg,adventure,5.12,4.89,5.23,5.02,4.84,4.95,,,,,
OASIS_skyscraper_1.jpg,landscapes,2.25,4.13,2.13,2.39,3.90,4.33,,,,,
OASIS_skyscraper_2.jpg,landscapes,2.89,4.49,2.71,3.06,4.47,4.52,,,,,
OASIS_sleepy_pose_1.jpg,families,3.48,2.59,3.25,3.71,2.34,2.87,,,,,
OASIS_sleepy_pose_2.jpg,police,2.60,3.64,2.69,2.49,3.59,3.70,,,,,
OASIS_sleepy_pose_3.jpg,men,2.36,3.71,2.42,2.28,3.62,3.82,,,,,
OASIS_sleepy_pose_4.jpg,men,2.52,3.96,2.54,2.49,3.84,4.11,,,,,
OASIS_smiling_face_1.jpg,women,4.13,5.64,3.55,4.78,5.65,5.63,,,,,
OASIS_snake_1.jpg,animals,4.18,3.00,4.31,4.04,2.84,3.22,,,,,
OASIS_snake_2.jpg,animals,4.26,3.08,4.37,4.14,2.98,3.20,,,,,
OASIS_snake_3.jpg,animals,4.57,2.91,4.75,4.39,2.79,3.09,,,,,
OASIS_snake_4.jpg,animals,4.80,2.37,4.83,4.78,2.14,2.69,,,,,
OASIS_snake_5.jpg,animals,4.40,2.90,4.21,4.59,2.67,3.07,,,,,
OASIS_snake_6.jpg,animals,4.23,3.11,4.15,4.31,2.86,3.29,,,,,
OASIS_snow_1.jpg,other,2.29,4.63,2.23,2.23,4.72,4.50,,,,,
OASIS_snow_2.jpg,other,2.26,4.55,2.10,2.36,4.62,4.45,,,,,
OASIS_snow_3.jpg,other,2.34,4.56,2.29,2.39,4.53,4.60,,,,,
OASIS_snow_4.jpg,other,2.66,3.44,2.69,2.63,3.51,3.39,,,,,
OASIS_snow_5.jpg,other,2.90,4.82,2.98,2.82,4.96,4.64,,,,,
OASIS_soccer_1.jpg,objects,2.45,4.36,2.23,2.68,4.48,4.20,,,,,
OASIS_soccer_2.jpg,objects,2.86,4.59,2.70,3.06,4.56,4.62,,,,,
OASIS_socks_1.jpg,objects,1.90,4.20,1.85,1.96,4.20,4.21,,,,,
OASIS_solar_panel_1.jpg,objects,2.73,5.01,2.40,3.08,5.04,4.98,,,,,
OASIS_soldiers_1.jpg,people,4.02,4.16,4.31,3.69,4.02,4.28,,,,,
OASIS_soldiers_2.jpg,police,3.50,4.01,3.34,3.67,3.95,4.05,,,,,
OASIS_soldiers_3.jpg,weapons,4.46,4.39,4.53,4.39,4.21,4.52,,,,,
OASIS_soldiers_4.jpg,police,4.29,4.67,4.65,3.85,4.72,4.59,,,,,
OASIS_soldiers_5.jpg,food,3.39,4.94,3.43,3.35,4.98,4.91,,,,,
OASIS_soldiers_6.jpg,police,3.43,4.09,3.91,2.90,4.24,3.96,,,,,
OASIS_soldiers_7.jpg,weapons,4.08,2.61,3.89,4.27,2.09,3.00,,,,,
OASIS_soldiers_8.jpg,weapons,3.93,2.51,4.45,3.35,2.39,2.61,,,,,
OASIS_soldiers_9.jpg,weapons,4.67,3.47,4.96,4.34,3.16,3.89,,,,,
OASIS_soldiers_10.jpg,weapons,4.17,2.60,4.00,4.37,2.26,2.86,,,,,
OASIS_soup_1.jpg,food,2.98,5.05,2.96,3.04,5.14,4.98,,,,,
OASIS_spider_1.jpg,animals,4.02,3.07,4.33,3.77,3.07,3.07,,,,,
OASIS_spider_2.jpg,animals,4.70,2.90,4.71,4.69,2.57,3.36,,,,,
OASIS_statue_1.jpg,objects,2.81,5.33,2.84,2.78,5.53,5.16,,,,,
OASIS_statue_2.jpg,objects,3.37,5.04,3.40,3.33,5.04,5.07,,,,,
OASIS_stingray_1.jpg,animals,3.56,4.54,3.36,3.78,4.88,4.29,,,,,
OASIS_stingray_2.jpg,animals,3.73,4.75,3.79,3.70,5.00,4.43,,,,,
OASIS_stingray_3.jpg,animals,4.09,4.53,3.94,4.22,4.70,4.41,,,,,
OASIS_storage_1.jpg,objects,2.02,4.02,1.90,2.14,3.91,4.16,,,,,
OASIS_storage_2.jpg,objects,2.25,4.01,2.04,2.49,3.93,4.07,,,,,
OASIS_storage_3.jpg,objects,2.55,3.71,2.44,2.66,3.57,3.89,,,,,
OASIS_street_1.jpg,landscapes,2.66,4.55,2.50,2.84,4.45,4.69,,,,,
OASIS_street_2.jpg,landscapes,3.16,4.61,3.13,3.20,4.59,4.63,,,,,
OASIS_street_3.jpg,landscapes,3.31,5.06,3.04,3.60,5.09,5.02,,,,,
OASIS_street_4.jpg,landscapes,2.71,4.88,2.60,2.87,4.90,4.86,,,,,
OASIS_street_5.jpg,landscapes,2.24,4.05,2.17,2.34,4.00,4.11,,,,,
OASIS_sun_1.jpg,landscapes,4.50,4.42,4.55,4.45,4.26,4.53,,,,,
OASIS_sunflower_1.jpg,plants,3.83,5.87,3.94,3.71,6.26,5.59,,,,,
OASIS_sunset_1.jpg,landscapes,3.77,6.07,3.77,3.78,6.11,6.00,,,,,
OASIS_sunset_2.jpg,landscapes,4.11,6.01,4.33,3.96,6.21,5.75,,,,,
OASIS_sunset_3.jpg,landscapes,3.71,6.12,3.67,3.76,6.29,5.96,,,,,
OASIS_sunset_4.jpg,landscapes,4.32,6.11,4.40,4.19,6.36,5.77,,,,,
OASIS_sunset_5.jpg,landscapes,3.54,5.88,3.51,3.57,5.96,5.81,,,,,
OASIS_sunset_6.jpg,landscapes,3.33,5.81,3.31,3.35,5.92,5.72,,,,,
OASIS_surgery_1.jpg,medical,4.39,2.91,4.73,4.13,2.72,3.16,,,,,
OASIS_surgery_2.jpg,medical,3.72,4.00,4.09,3.31,4.08,3.93,,,,,
OASIS_surgery_3.jpg,medical,3.91,3.68,4.38,3.39,3.84,3.53,,,,,
OASIS_surgery_4.jpg,medical,3.89,3.49,3.92,3.88,3.44,3.52,,,,,
OASIS_surgery_5.jpg,medical,4.17,3.99,4.08,4.27,4.11,3.89,,,,,
OASIS_surprise_1.jpg,women,4.07,4.69,3.98,4.21,4.74,4.61,,,,,
OASIS_surprise_2.jpg,families,3.64,5.29,3.87,3.49,5.47,5.07,,,,,
OASIS_swimming_1.jpg,athletes,3.62,5.06,3.66,3.59,5.05,5.07,,,,,
OASIS_swingset_1.jpg,objects,2.71,4.31,2.62,2.81,4.33,4.30,,,,,
OASIS_thunderstorm_1.jpg,landscapes,4.55,3.17,4.75,4.33,2.94,3.37,,,,,
OASIS_thunderstorm_2.jpg,landscapes,4.55,5.06,4.65,4.43,4.82,5.26,,,,,
OASIS_thunderstorm_3.jpg,landscapes,4.68,3.96,4.45,4.92,3.74,4.12,,,,,
OASIS_thunderstorm_4.jpg,landscapes,4.64,3.45,4.68,4.59,3.28,3.57,,,,,
OASIS_thunderstorm_5.jpg,landscapes,4.52,4.75,4.43,4.61,4.81,4.71,,,,,
OASIS_thunderstorm_6.jpg,landscapes,4.51,4.51,4.56,4.45,4.41,4.60,,,,,
OASIS_thunderstorm_7.jpg,landscapes,4.16,4.49,4.09,4.20,4.56,4.43,,,,,
OASIS_thunderstorm_8.jpg,landscapes,4.74,4.37,4.77,4.72,4.19,4.61,,,,,
OASIS_thunderstorm_9.jpg,landscapes,4.75,4.61,4.81,4.66,4.50,4.75,,,,,
OASIS_thunderstorm_10.jpg,landscapes,4.41,4.37,4.32,4.49,4.47,4.29,,,,,
OASIS_thunderstorm_11.jpg,landscapes,4.41,3.94,4.60,4.20,3.84,4.04,,,,,
OASIS_tickling_1.jpg,families,3.88,5.36,3.92,3.89,5.45,5.25,,,,,
OASIS_tiger_1.jpg,animals,4.90,4.74,4.83,4.98,4.72,4.76,,,,,
OASIS_tiger_2.jpg,animals,4.40,5.39,4.38,4.41,5.48,5.29,,,,,
OASIS_timber_1.jpg,objects,2.67,3.83,2.51,2.84,3.93,3.76,,,,,
OASIS_timber_2.jpg,objects,2.11,4.33,2.13,2.08,4.34,4.33,,,,,
OASIS_timber_3.jpg,objects,2.29,4.12,2.38,2.18,4.20,4.05,,,,,
OASIS_timber_4.jpg,objects,2.27,4.30,2.02,2.51,4.33,4.27,,,,,
OASIS_toast_1.jpg,drugs and alcohol,3.67,4.80,3.57,3.84,5.07,4.60,,,,,
OASIS_toilet_1.jpg,objects,2.36,3.80,2.15,2.57,3.71,3.93,,,,,
OASIS_toilet_2.jpg,objects,2.29,3.65,2.22,2.37,3.51,3.77,,,,,
OASIS_toilet_3.jpg,objects,2.37,3.83,2.19,2.55,3.80,3.89,,,,,
OASIS_toilet_4.jpg,objects,3.16,2.53,3.13,3.22,2.26,2.74,,,,,
OASIS_tornado_1.jpg,disaster,5.06,2.10,5.27,4.89,1.91,2.34,,,,,
OASIS_tornado_2.jpg,disaster,4.72,3.52,4.87,4.57,3.11,4.09,,,,,
OASIS_tornado_3.jpg,disaster,4.68,2.66,4.64,4.71,2.40,2.86,,,,,
OASIS_tornado_4.jpg,disaster,5.14,2.70,5.17,5.10,2.66,2.78,,,,,
OASIS_tornado_5.jpg,disaster,4.28,3.25,4.47,4.06,3.08,3.40,,,,,
OASIS_torture_chamber_1.jpg,weapons,3.25,3.36,3.13,3.34,3.12,3.68,,,,,
OASIS_traffic_1.jpg,landscapes,4.23,4.62,4.40,4.08,4.51,4.71,,,,,
OASIS_tumor_1.jpg,injuries,4.94,1.40,5.40,4.57,1.34,1.48,,,,,
OASIS_volcano_1.jpg,landscapes,3.98,3.75,4.08,3.90,3.60,3.86,,,,,
OASIS_volcano_2.jpg,landscapes,5.24,2.64,5.35,5.13,2.47,2.86,,,,,
OASIS_volcano_3.jpg,landscapes,4.06,4.39,4.18,3.92,4.20,4.56,,,,,
OASIS_wall_1.jpg,other,1.80,4.08,1.83,1.78,4.05,4.11,,,,,
OASIS_wall_2.jpg,other,1.69,4.03,1.63,1.68,4.03,4.02,,,,,
OASIS_wall_3.jpg,other,1.81,4.06,1.69,1.94,4.07,4.05,,,,,
OASIS_wall_4.jpg,other,1.83,3.99,1.51,2.20,3.95,4.02,,,,,
OASIS_wall_5.jpg,other,1.84,3.99,1.68,2.04,4.05,3.95,,,,,
OASIS_war_1.jpg,weapons,5.00,1.76,5.49,4.45,1.69,1.82,,,,,
OASIS_war_2.jpg,violence,4.58,2.40,4.34,4.84,1.84,2.81,,,,,
OASIS_war_3.jpg,weapons,4.31,3.46,4.76,3.80,3.39,3.53,,,,,
OASIS_war_4.jpg,weapons,4.78,2.97,5.02,4.53,2.88,3.13,,,,,
OASIS_war_5.jpg,violence,4.39,2.46,4.32,4.47,2.07,2.74,,,,,
OASIS_war_6.jpg,violence,5.02,1.39,5.35,4.67,1.20,1.64,,,,,
OASIS_war_7.jpg,weapons,4.25,3.18,4.15,4.35,2.86,3.41,,,,,
OASIS_war_8.jpg,disaster,5.14,1.72,5.42,4.94,1.52,1.98,,,,,
OASIS_waterfall_1.jpg,landscapes,4.01,5.43,4.15,3.86,5.36,5.53,,,,,
OASIS_weapon_1.jpg,weapons,3.80,2.84,3.78,3.82,2.43,3.21,,,,,
OASIS_wedding_1.jpg,families,4.10,5.67,4.30,3.92,5.95,5.47,,,,,
OASIS_wedding_2.jpg,families,3.84,5.78,3.92,3.76,6.05,5.47,,,,,
OASIS_wedding_3.jpg,families,4.11,5.78,4.44,3.76,6.23,5.24,,,,,
OASIS_wedding_4.jpg,food,3.12,5.81,3.20,3.02,6.02,5.63,,,,,
OASIS_wedding_5.jpg,families,4.20,5.74,4.25,4.13,5.79,5.66,,,,,
OASIS_wedding_6.jpg,families,3.92,6.00,3.79,4.08,6.37,5.72,,,,,
OASIS_wedding_7.jpg,objects,3.25,5.28,3.27,3.23,5.40,5.14,,,,,
OASIS_wedding_8.jpg,food,3.86,5.63,4.04,3.62,5.62,5.64,,,,,
OASIS_wedding_9.jpg,families,4.05,5.76,4.19,3.85,5.88,5.61,,,,,
OASIS_wedding_10.jpg,families,4.16,5.79,4.15,4.17,5.84,5.73,,,,,
OASIS_wedding_11.jpg,plants,3.49,5.02,3.60,3.38,5.10,4.91,,,,,
OASIS_wedding_12.jpg,objects,2.50,4.90,2.51,2.49,5.02,4.79,,,,,
OASIS_wedding_ring_1.jpg,objects,3.66,5.75,3.88,3.43,6.21,5.20,,,,,
OASIS_windmill_1.jpg,objects,2.54,3.17,2.47,2.61,3.12,3.21,,,,,
OASIS_wolf_1.jpg,animals,4.27,5.46,4.28,4.27,5.77,5.22,,,,,
OASIS_wolf_2.jpg,animals,4.67,3.09,4.83,4.49,3.31,2.80,,,,,
OASIS_woods_1.jpg,landscapes,3.17,3.78,3.33,3.00,3.80,3.71,,,,,
OASIS_yarn_1.jpg,objects,1.87,2.60,1.87,1.88,3.02,2.11,,,,,
OASIS_yarn_2.jpg,objects,2.17,4.11,2.19,2.16,4.12,4.10,,,,,
OASIS_yarn_3.jpg,objects,1.94,4.30,2.08,1.80,4.46,4.11,,,,,
OASIS_yarn_4.jpg,objects,1.98,4.20,1.93,2.04,4.22,4.19,,,,,
OASIS_yoga_1.jpg,women,3.47,5.56,3.35,3.61,5.53,5.60,,,,,
OASIS_yoga_2.jpg,men,3.13,3.09,3.11,3.14,3.51,2.72,,,,,
OASIS_yoga_3.jpg,women,3.64,5.49,3.23,4.06,5.64,5.30,,,,,
OASIS_yoga_4.jpg,women,3.99,5.73,3.58,4.43,5.84,5.58,,,,,
OASIS_yoga_5.jpg,people,3.30,3.45,3.21,3.39,3.29,3.62,,,,,
OASIS_zebra_1.jpg,animals,3.57,5.81,3.80,3.31,6.06,5.58,,,,,